"1000117","event","1830","1830","exact_year","","1830","1830-01-01T00:00:00Z","9","date of official opening (P1619)","Q2883914","Wikidata date of official opening (P1619) ""1830-01-01T00:00:00Z"" at year precision or finer","1.0.0"
"1000117","built","1835","1835","exact_year","","1835","1835-01-01T00:00:00Z","9","inception (P571)","Q2883914","Wikidata inception (P571) ""1835-01-01T00:00:00Z"" at year precision or finer","1.0.0"
"1000402","built","1848","1848","exact_year","","1848","1848-01-01T00:00:00Z","9","inception (P571)","Q4732134","Wikidata inception (P571) ""1848-01-01T00:00:00Z"" at year precision or finer","1.0.0"
"1001057","built","1716","1716","exact_year","","1716","1716-01-01T00:00:00Z","9","inception (P571)","Q4888052","Wikidata inception (P571) ""1716-01-01T00:00:00Z"" at year precision or finer","1.0.0"
"1001066","lost","1539","1539","exact_year","","1539","1539-01-01T00:00:00Z","9","dissolved, abolished or demolished (P576)","Q7017185","Wikidata dissolved, abolished or demolished (P576) ""1539-01-01T00:00:00Z"" at year precision or finer","1.0.0"
"1001216","built","1701","1800","century","","18th century","1701-01-01T00:00:00Z","7","inception (P571)","Q15188938","Wikidata inception (P571) ""1701-01-01T00:00:00Z"" at century precision; read as the 18th century (1701–1800), not as a year","1.0.0"
"1001218","built","1771","1771","exact_year","","1771","1771-01-01T00:00:00Z","9","inception (P571)","Q1585312","Wikidata inception (P571) ""1771-01-01T00:00:00Z"" at year precision or finer","1.0.0"
"1001222","built","1870","1870","exact_year","","1870","1870-01-01T00:00:00Z","9","inception (P571)","Q12061322","Wikidata inception (P571) ""1870-01-01T00:00:00Z"" at year precision or finer","1.0.0"
"1001225","built","1872","1872","exact_year","","1872","1872-01-01T00:00:00Z","9","inception (P571)","Q3305358","Wikidata inception (P571) ""1872-01-01T00:00:00Z"" at year precision or finer","1.0.0"
"1001387","built","1851","1851","exact_year","","1851","1851-01-01T00:00:00Z","9","inception (P571)","Q7883477","Wikidata inception (P571) ""1851-01-01T00:00:00Z"" at year precision or finer","1.0.0"
"1001464","built","1912","1912","exact_year","","1912","1912-01-01T00:00:00Z","9","inception (P571)","Q7158443","Wikidata inception (P571) ""1912-01-01T00:00:00Z"" at year precision or finer","1.0.0"
"1001519","built","1887","1887","exact_year","","1887","1887-01-01T00:00:00Z","9","inception (P571)","Q5329107","Wikidata inception (P571) ""1887-01-01T00:00:00Z"" at year precision or finer","1.0.0"
"1001520","built","1862","1862","exact_year","","1862","1862-01-01T00:00:00Z","9","inception (P571)","Q7158355","Wikidata inception (P571) ""1862-01-01T00:00:00Z"" at year precision or finer","1.0.0"
"1001596","built","1837","1837","exact_year","","1837","1837-01-01T00:00:00Z","9","inception (P571)","Q13528974","Wikidata inception (P571) ""1837-01-01T00:00:00Z"" at year precision or finer","1.0.0"
"1001605","built","1845","1845","exact_year","","1845","1845-01-01T00:00:00Z","9","inception (P571)","Q63306036","Wikidata inception (P571) ""1845-01-01T00:00:00Z"" at year precision or finer","1.0.0"
"1001654","built","1876","1876","exact_year","","1876","1876-01-01T00:00:00Z","9","inception (P571)","Q63306077","Wikidata inception (P571) ""1876-01-01T00:00:00Z"" at year precision or finer","1.0.0"
"1001678","event","1845","1845","exact_year","","1845","1845-06-19T00:00:00Z","11","date of official opening (P1619)","Q63306144","Wikidata date of official opening (P1619) ""1845-06-19T00:00:00Z"" at year precision or finer","1.0.0"
"1001678","built","1845","1845","exact_year","","1845","1845-01-01T00:00:00Z","9","inception (P571)","Q63306144","Wikidata inception (P571) ""1845-01-01T00:00:00Z"" at year precision or finer","1.0.0"
"1003582","built","1379","1379","exact_year","","1379","1379-01-01T00:00:00Z","9","inception (P571)","Q495086","Wikidata inception (P571) ""1379-01-01T00:00:00Z"" at year precision or finer","1.0.0"
"1003582","event","1647","1647","exact_year","","1647","1647-01-01T00:00:00Z","9","significant event (P793) — slighting","Q495086","Wikidata significant event (P793) — slighting ""1647-01-01T00:00:00Z"" at year precision or finer","1.0.0"
"1003684","built","1101","1200","century","","12th century","1101-01-01T00:00:00Z","7","inception (P571)","Q8051086","Wikidata inception (P571) ""1101-01-01T00:00:00Z"" at century precision; read as the 12th century (1101–1200), not as a year","1.0.0"
"1003684","lost","1539","1539","exact_year","","1539","1539-01-01T00:00:00Z","9","dissolved, abolished or demolished (P576)","Q8051086","Wikidata dissolved, abolished or demolished (P576) ""1539-01-01T00:00:00Z"" at year precision or finer","1.0.0"
"1003689","built","801","900","century","","9th century","0801-01-01T00:00:00Z","7","inception (P571)","Q7595214","Wikidata inception (P571) ""0801-01-01T00:00:00Z"" at century precision; read as the 9th century (801–900), not as a year","1.0.0"
"1003689","built","901","1000","century","","10th century","0901-01-01T00:00:00Z","7","inception (P571)","Q7595214","Wikidata inception (P571) ""0901-01-01T00:00:00Z"" at century precision; read as the 10th century (901–1000), not as a year","1.0.0"
"1004919","built","1088","1088","exact_year","","1088","1088-01-01T00:00:00Z","9","inception (P571)","Q1426965","Wikidata inception (P571) ""1088-01-01T00:00:00Z"" at year precision or finer","1.0.0"
"1004919","built","1089","1089","exact_year","","1089","1089-01-01T00:00:00Z","9","inception (P571)","Q1426965","Wikidata inception (P571) ""1089-01-01T00:00:00Z"" at year precision or finer","1.0.0"
"1004919","lost","1539","1539","exact_year","","1539","1539-01-01T00:00:00Z","9","dissolved, abolished or demolished (P576)","Q1426965","Wikidata dissolved, abolished or demolished (P576) ""1539-01-01T00:00:00Z"" at year precision or finer","1.0.0"
"1005210","built","1390","1399","decade","","1390s","1390-01-01T00:00:00Z","8","inception (P571)","Q8037764","Wikidata inception (P571) ""1390-01-01T00:00:00Z"" at decade precision; read as 1390–1399","1.0.0"
"1005210","event","1650","1650","exact_year","","1650","1650-01-01T00:00:00Z","9","significant event (P793) — slighting","Q8037764","Wikidata significant event (P793) — slighting ""1650-01-01T00:00:00Z"" at year precision or finer","1.0.0"
"1005210","event","1796","1796","exact_year","","1796","1796-02-19T00:00:00Z","11","significant event (P793) — conflagration","Q8037764","Wikidata significant event (P793) — conflagration ""1796-02-19T00:00:00Z"" at year precision or finer","1.0.0"
"1005226","built","1270","1270","exact_year","","1270","1270-01-01T00:00:00Z","9","inception (P571)","Q12060577","Wikidata inception (P571) ""1270-01-01T00:00:00Z"" at year precision or finer","1.0.0"
"1005472","associated","410","1484","period","","Middle Ages","Q12554 (Middle Ages)","0","time period (P2348) — Middle Ages","Q17642634","Wikidata time period (P2348) = Q12554 (Middle Ages); classified BROADER_THAN_REGISTRY; spans early_medieval, norman and medieval; kept as a span rather than narrowed to one of them; years from the Whilom period registry, which is a navigation convention","1.0.0"
"1007724","associated","410","1484","period","","Middle Ages","Q12554 (Middle Ages)","0","time period (P2348) — Middle Ages","Q17650027","Wikidata time period (P2348) = Q12554 (Middle Ages); classified BROADER_THAN_REGISTRY; spans early_medieval, norman and medieval; kept as a span rather than narrowed to one of them; years from the Whilom period registry, which is a navigation convention","1.0.0"
"1007843","built","1101","1200","century","","12th century","1101-01-01T00:00:00Z","7","inception (P571)","Q1656610","Wikidata inception (P571) ""1101-01-01T00:00:00Z"" at century precision; read as the 12th century (1101–1200), not as a year","1.0.0"
"1007843","lost","1539","1539","exact_year","","1539","1539-01-01T00:00:00Z","9","dissolved, abolished or demolished (P576)","Q1656610","Wikidata dissolved, abolished or demolished (P576) ""1539-01-01T00:00:00Z"" at year precision or finer","1.0.0"
"1008382","built","1302","1302","exact_year","","1302","1302-01-01T00:00:00Z","9","inception (P571)","Q17526147","Wikidata inception (P571) ""1302-01-01T00:00:00Z"" at year precision or finer","1.0.0"
"1008761","event","1101","1200","century","","12th century","1160-01-01T00:00:00Z","7","significant event (P793) — slighting","Q17645541","Wikidata significant event (P793) — slighting ""1160-01-01T00:00:00Z"" at century precision; read as the 12th century (1101–1200), not as a year","1.0.0"
"1009848","built","1701","1800","century","","18th century","1701-01-01T00:00:00Z","7","inception (P571)","Q17647211","Wikidata inception (P571) ""1701-01-01T00:00:00Z"" at century precision; read as the 18th century (1701–1800), not as a year","1.0.0"
"1009849","associated","410","1484","period","","Middle Ages","Q12554 (Middle Ages)","0","time period (P2348) — Middle Ages","Q17647218","Wikidata time period (P2348) = Q12554 (Middle Ages); classified BROADER_THAN_REGISTRY; spans early_medieval, norman and medieval; kept as a span rather than narrowed to one of them; years from the Whilom period registry, which is a navigation convention","1.0.0"
"1009963","built","1385","1385","exact_year","","1385","1385-01-01T00:00:00Z","9","inception (P571)","Q4185868","Wikidata inception (P571) ""1385-01-01T00:00:00Z"" at year precision or finer","1.0.0"
"1009963","built","1988","1988","exact_year","","1988","1988-01-01T00:00:00Z","9","inception (P571)","Q4185868","Wikidata inception (P571) ""1988-01-01T00:00:00Z"" at year precision or finer","1.0.0"
"1010079","built","1701","1800","century","","18th century","1701-01-01T00:00:00Z","7","inception (P571)","Q17648912","Wikidata inception (P571) ""1701-01-01T00:00:00Z"" at century precision; read as the 18th century (1701–1800), not as a year","1.0.0"
"1010081","associated","410","1484","period","","Middle Ages","Q12554 (Middle Ages)","0","time period (P2348) — Middle Ages","Q17648929","Wikidata time period (P2348) = Q12554 (Middle Ages); classified BROADER_THAN_REGISTRY; spans early_medieval, norman and medieval; kept as a span rather than narrowed to one of them; years from the Whilom period registry, which is a navigation convention","1.0.0"
"1010083","associated","410","1484","period","","Middle Ages","Q12554 (Middle Ages)","0","time period (P2348) — Middle Ages","Q17648943","Wikidata time period (P2348) = Q12554 (Middle Ages); classified BROADER_THAN_REGISTRY; spans early_medieval, norman and medieval; kept as a span rather than narrowed to one of them; years from the Whilom period registry, which is a navigation convention","1.0.0"
"1010127","built","1070","1070","exact_year","","1070","1070-01-01T00:00:00Z","9","inception (P571)","Q1949590","Wikidata inception (P571) ""1070-01-01T00:00:00Z"" at year precision or finer","1.0.0"
"1010347","associated","410","1484","period","","Middle Ages","Q12554 (Middle Ages)","0","time period (P2348) — Middle Ages","Q17650844","Wikidata time period (P2348) = Q12554 (Middle Ages); classified BROADER_THAN_REGISTRY; spans early_medieval, norman and medieval; kept as a span rather than narrowed to one of them; years from the Whilom period registry, which is a navigation convention","1.0.0"
"1010533","associated","410","1484","period","","Middle Ages","Q12554 (Middle Ages)","0","time period (P2348) — Middle Ages","Q17647385","Wikidata time period (P2348) = Q12554 (Middle Ages); classified BROADER_THAN_REGISTRY; spans early_medieval, norman and medieval; kept as a span rather than narrowed to one of them; years from the Whilom period registry, which is a navigation convention","1.0.0"
"1010627","built","1071","1071","exact_year","","1071","1071-01-01T00:00:00Z","9","inception (P571)","Q6645746","Wikidata inception (P571) ""1071-01-01T00:00:00Z"" at year precision or finer","1.0.0"
"1010629","built","1190","1190","exact_year","","1190","1190-01-01T00:00:00Z","9","inception (P571)","Q2705370","Wikidata inception (P571) ""1190-01-01T00:00:00Z"" at year precision or finer","1.0.0"
"1011212","built","1086","1086","exact_year","","1086","1086-01-01T00:00:00Z","9","inception (P571)","Q7535837","Wikidata inception (P571) ""1086-01-01T00:00:00Z"" at year precision or finer","1.0.0"
"1011374","built","1130","1130","exact_year","","1130","1130-01-01T00:00:00Z","9","inception (P571)","Q1963850","Wikidata inception (P571) ""1130-01-01T00:00:00Z"" at year precision or finer","1.0.0"
"1011518","built","1378","1378","exact_year","","1378","1378-01-01T00:00:00Z","9","inception (P571)","Q5055225","Wikidata inception (P571) ""1378-01-01T00:00:00Z"" at year precision or finer","1.0.0"
"1011518","event","1272","1272","exact_year","","1272","1272-01-01T00:00:00Z","9","significant event (P793) — licence to crenellate","Q5055225","Wikidata significant event (P793) — licence to crenellate ""1272-01-01T00:00:00Z"" at year precision or finer","1.0.0"
"1011799","built","1068","1068","exact_year","","1068","1068-01-01T00:00:00Z","9","inception (P571)","Q80637","Wikidata inception (P571) ""1068-01-01T00:00:00Z"" at year precision or finer","1.0.0"
"1011848","associated","410","1484","period","","Middle Ages","Q12554 (Middle Ages)","0","time period (P2348) — Middle Ages","Q17674555","Wikidata time period (P2348) = Q12554 (Middle Ages); classified BROADER_THAN_REGISTRY; spans early_medieval, norman and medieval; kept as a span rather than narrowed to one of them; years from the Whilom period registry, which is a navigation convention","1.0.0"
"1011897","lost","1536","1536","exact_year","","1536","1536-01-01T00:00:00Z","9","dissolved, abolished or demolished (P576)","Q7069768","Wikidata dissolved, abolished or demolished (P576) ""1536-01-01T00:00:00Z"" at year precision or finer","1.0.0"
"1011966","associated","410","1484","period","","Middle Ages","Q12554 (Middle Ages)","0","time period (P2348) — Middle Ages","Q17676108","Wikidata time period (P2348) = Q12554 (Middle Ages); classified BROADER_THAN_REGISTRY; spans early_medieval, norman and medieval; kept as a span rather than narrowed to one of them; years from the Whilom period registry, which is a navigation convention","1.0.0"
"1012065","built","1132","1132","exact_year","","1132","1132-03-12T00:00:00Z","11","inception (P571)","Q1247496","Wikidata inception (P571) ""1132-03-12T00:00:00Z"" at year precision or finer","1.0.0"
"1012065","lost","1538","1538","exact_year","","1538","1538-01-01T00:00:00Z","9","dissolved, abolished or demolished (P576)","Q1247496","Wikidata dissolved, abolished or demolished (P576) ""1538-01-01T00:00:00Z"" at year precision or finer","1.0.0"
"1012182","built","1101","1200","century","","12th century","1101-01-01T00:00:00Z","7","inception (P571)","Q6772911","Wikidata inception (P571) ""1101-01-01T00:00:00Z"" at century precision; read as the 12th century (1101–1200), not as a year","1.0.0"
"1012182","lost","1540","1540","exact_year","","1540","1540-01-01T00:00:00Z","9","dissolved, abolished or demolished (P576)","Q6772911","Wikidata dissolved, abolished or demolished (P576) ""1540-01-01T00:00:00Z"" at year precision or finer","1.0.0"
"1012589","associated","410","1484","period","","Middle Ages","Q12554 (Middle Ages)","0","time period (P2348) — Middle Ages","Q17676109","Wikidata time period (P2348) = Q12554 (Middle Ages); classified BROADER_THAN_REGISTRY; spans early_medieval, norman and medieval; kept as a span rather than narrowed to one of them; years from the Whilom period registry, which is a navigation convention","1.0.0"
"1012590","associated","410","1484","period","","Middle Ages","Q12554 (Middle Ages)","0","time period (P2348) — Middle Ages","Q17676118","Wikidata time period (P2348) = Q12554 (Middle Ages); classified BROADER_THAN_REGISTRY; spans early_medieval, norman and medieval; kept as a span rather than narrowed to one of them; years from the Whilom period registry, which is a navigation convention","1.0.0"
"1012873","associated","410","1484","period","","Middle Ages","Q12554 (Middle Ages)","0","time period (P2348) — Middle Ages","Q17548175","Wikidata time period (P2348) = Q12554 (Middle Ages); classified BROADER_THAN_REGISTRY; spans early_medieval, norman and medieval; kept as a span rather than narrowed to one of them; years from the Whilom period registry, which is a navigation convention","1.0.0"
"1012890","associated","410","1484","period","","Middle Ages","Q12554 (Middle Ages)","0","time period (P2348) — Middle Ages","Q17678933","Wikidata time period (P2348) = Q12554 (Middle Ages); classified BROADER_THAN_REGISTRY; spans early_medieval, norman and medieval; kept as a span rather than narrowed to one of them; years from the Whilom period registry, which is a navigation convention","1.0.0"
"1012994","lost","1170","1179","decade","","1170s","1170-01-01T00:00:00Z","8","dissolved, abolished or demolished (P576)","Q17662152","Wikidata dissolved, abolished or demolished (P576) ""1170-01-01T00:00:00Z"" at decade precision; read as 1170–1179","1.0.0"
"1012994","event","1101","1200","century","","12th century","1160-01-01T00:00:00Z","7","significant event (P793) — slighting","Q17662152","Wikidata significant event (P793) — slighting ""1160-01-01T00:00:00Z"" at century precision; read as the 12th century (1101–1200), not as a year","1.0.0"
"1012994","event","1176","1176","exact_year","","1176","1176-01-01T00:00:00Z","9","significant event (P793) — slighting","Q17662152","Wikidata significant event (P793) — slighting ""1176-01-01T00:00:00Z"" at year precision or finer","1.0.0"
"1012995","lost","1539","1539","exact_year","","1539","1539-01-01T00:00:00Z","9","dissolved, abolished or demolished (P576)","Q7590024","Wikidata dissolved, abolished or demolished (P576) ""1539-01-01T00:00:00Z"" at year precision or finer","1.0.0"
"1013019","built","1301","1400","century","","14th century","1301-01-01T00:00:00Z","7","inception (P571)","Q12062111","Wikidata inception (P571) ""1301-01-01T00:00:00Z"" at century precision; read as the 14th century (1301–1400), not as a year","1.0.0"
"1013019","lost","1539","1539","exact_year","","1539","1539-01-01T00:00:00Z","9","dissolved, abolished or demolished (P576)","Q12062111","Wikidata dissolved, abolished or demolished (P576) ""1539-01-01T00:00:00Z"" at year precision or finer","1.0.0"
"1013088","lost","1536","1536","exact_year","","1536","1536-01-01T00:00:00Z","9","dissolved, abolished or demolished (P576)","Q17662713","Wikidata dissolved, abolished or demolished (P576) ""1536-01-01T00:00:00Z"" at year precision or finer","1.0.0"
"1013403","built","1101","1200","century","","12th century","1101-01-01T00:00:00Z","7","inception (P571)","Q1018528","Wikidata inception (P571) ""1101-01-01T00:00:00Z"" at century precision; read as the 12th century (1101–1200), not as a year","1.0.0"
"1013403","lost","1537","1537","exact_year","","1537","1537-01-01T00:00:00Z","9","dissolved, abolished or demolished (P576)","Q1018528","Wikidata dissolved, abolished or demolished (P576) ""1537-01-01T00:00:00Z"" at year precision or finer","1.0.0"
"1014004","associated","410","1484","period","","Middle Ages","Q12554 (Middle Ages)","0","time period (P2348) — Middle Ages","Q17670069","Wikidata time period (P2348) = Q12554 (Middle Ages); classified BROADER_THAN_REGISTRY; spans early_medieval, norman and medieval; kept as a span rather than narrowed to one of them; years from the Whilom period registry, which is a navigation convention","1.0.0"
"1014024","built","1101","1200","century","","12th century","1101-01-01T00:00:00Z","7","inception (P571)","Q6415670","Wikidata inception (P571) ""1101-01-01T00:00:00Z"" at century precision; read as the 12th century (1101–1200), not as a year","1.0.0"
"1014024","lost","1539","1539","exact_year","","1539","1539-01-01T00:00:00Z","9","dissolved, abolished or demolished (P576)","Q6415670","Wikidata dissolved, abolished or demolished (P576) ""1539-01-01T00:00:00Z"" at year precision or finer","1.0.0"
"1014241","built","1669","1669","exact_year","","1669","1669-01-01T00:00:00Z","9","inception (P571)","Q17554412","Wikidata inception (P571) ""1669-01-01T00:00:00Z"" at year precision or finer","1.0.0"
"1014395","built","1101","1200","century","","12th century","1101-01-01T00:00:00Z","7","inception (P571)","Q540237","Wikidata inception (P571) ""1101-01-01T00:00:00Z"" at century precision; read as the 12th century (1101–1200), not as a year","1.0.0"
"1014395","built","1132","1132","exact_year","","1132","1132-01-01T00:00:00Z","9","inception (P571)","Q540237","Wikidata inception (P571) ""1132-01-01T00:00:00Z"" at year precision or finer","1.0.0"
"1014395","lost","1539","1539","exact_year","","1539","1539-01-01T00:00:00Z","9","dissolved, abolished or demolished (P576)","Q540237","Wikidata dissolved, abolished or demolished (P576) ""1539-01-01T00:00:00Z"" at year precision or finer","1.0.0"
"1014766","associated","410","1484","period","","Middle Ages","Q12554 (Middle Ages)","0","time period (P2348) — Middle Ages","Q17662727","Wikidata time period (P2348) = Q12554 (Middle Ages); classified BROADER_THAN_REGISTRY; spans early_medieval, norman and medieval; kept as a span rather than narrowed to one of them; years from the Whilom period registry, which is a navigation convention","1.0.0"
"1015096","built","1501","1600","century","","16th century","1501-01-01T00:00:00Z","7","inception (P571)","Q17675996","Wikidata inception (P571) ""1501-01-01T00:00:00Z"" at century precision; read as the 16th century (1501–1600), not as a year","1.0.0"
"1015096","built","1501","1600","century","","16th century","1501-01-01T00:00:00Z","7","inception (P571)","Q17675996","Wikidata inception (P571) ""1501-01-01T00:00:00Z"" at century precision; read as the 16th century (1501–1600), not as a year","1.0.0"
"1015438","associated","-800","42","period","","Iron Age","Q11764 (Iron Age)","0","time period (P2348) — Iron Age","Q17660260","Wikidata time period (P2348) = Q11764 (Iron Age); classified DIRECT_REGISTRY_MATCH; registry period under the same name; years from the Whilom period registry, which is a navigation convention","1.0.0"
"1015684","lost","1540","1540","exact_year","","1540","1540-01-01T00:00:00Z","9","dissolved, abolished or demolished (P576)","Q17670883","Wikidata dissolved, abolished or demolished (P576) ""1540-01-01T00:00:00Z"" at year precision or finer","1.0.0"
"1017827","associated","410","1484","period","","Middle Ages","Q12554 (Middle Ages)","0","time period (P2348) — Middle Ages","Q17676362","Wikidata time period (P2348) = Q12554 (Middle Ages); classified BROADER_THAN_REGISTRY; spans early_medieval, norman and medieval; kept as a span rather than narrowed to one of them; years from the Whilom period registry, which is a navigation convention","1.0.0"
"1017828","associated","410","1484","period","","Middle Ages","Q12554 (Middle Ages)","0","time period (P2348) — Middle Ages","Q17676374","Wikidata time period (P2348) = Q12554 (Middle Ages); classified BROADER_THAN_REGISTRY; spans early_medieval, norman and medieval; kept as a span rather than narrowed to one of them; years from the Whilom period registry, which is a navigation convention","1.0.0"
"1018149","built","1152","1152","exact_year","","1152","1152-01-01T00:00:00Z","9","inception (P571)","Q1421579","Wikidata inception (P571) ""1152-01-01T00:00:00Z"" at year precision or finer","1.0.0"
"1018149","lost","1539","1539","exact_year","","1539","1539-01-01T00:00:00Z","9","dissolved, abolished or demolished (P576)","Q1421579","Wikidata dissolved, abolished or demolished (P576) ""1539-01-01T00:00:00Z"" at year precision or finer","1.0.0"
"1018739","built","1701","1800","century","","18th century","1701-01-01T00:00:00Z","7","inception (P571)","Q17678576","Wikidata inception (P571) ""1701-01-01T00:00:00Z"" at century precision; read as the 18th century (1701–1800), not as a year","1.0.0"
"1019154","lost","1536","1536","exact_year","","1536","1536-01-01T00:00:00Z","9","dissolved, abolished or demolished (P576)","Q5365209","Wikidata dissolved, abolished or demolished (P576) ""1536-01-01T00:00:00Z"" at year precision or finer","1.0.0"
"1019520","associated","410","1484","period","","Middle Ages","Q12554 (Middle Ages)","0","time period (P2348) — Middle Ages","Q17676722","Wikidata time period (P2348) = Q12554 (Middle Ages); classified BROADER_THAN_REGISTRY; spans early_medieval, norman and medieval; kept as a span rather than narrowed to one of them; years from the Whilom period registry, which is a navigation convention","1.0.0"
"1019593","built","1382","1382","exact_year","","1382","1382-01-01T00:00:00Z","9","inception (P571)","Q7494970","Wikidata inception (P571) ""1382-01-01T00:00:00Z"" at year precision or finer","1.0.0"
"1019593","event","1382","1382","exact_year","","1382","1382-01-01T00:00:00Z","9","significant event (P793) — licence to crenellate","Q7494970","Wikidata significant event (P793) — licence to crenellate ""1382-01-01T00:00:00Z"" at year precision or finer","1.0.0"
"1019825","built","1301","1400","century","","14th century","1301-01-01T00:00:00Z","7","inception (P571)","Q5643603","Wikidata inception (P571) ""1301-01-01T00:00:00Z"" at century precision; read as the 14th century (1301–1400), not as a year","1.0.0"
"1019825","lost","1536","1536","exact_year","","1536","1536-01-01T00:00:00Z","9","dissolved, abolished or demolished (P576)","Q5643603","Wikidata dissolved, abolished or demolished (P576) ""1536-01-01T00:00:00Z"" at year precision or finer","1.0.0"
"1020405","lost","1539","1539","exact_year","","1539","1539-01-01T00:00:00Z","9","dissolved, abolished or demolished (P576)","Q5608373","Wikidata dissolved, abolished or demolished (P576) ""1539-01-01T00:00:00Z"" at year precision or finer","1.0.0"
"1020426","built","1542","1542","exact_year","","1542","1542-01-01T00:00:00Z","9","inception (P571)","Q5472637","Wikidata inception (P571) ""1542-01-01T00:00:00Z"" at year precision or finer","1.0.0"
"1020493","built","1101","1200","century","","12th century","1101-01-01T00:00:00Z","7","inception (P571)","Q748927","Wikidata inception (P571) ""1101-01-01T00:00:00Z"" at century precision; read as the 12th century (1101–1200), not as a year","1.0.0"
"1020493","lost","1537","1537","exact_year","","1537","1537-01-01T00:00:00Z","9","dissolved, abolished or demolished (P576)","Q748927","Wikidata dissolved, abolished or demolished (P576) ""1537-01-01T00:00:00Z"" at year precision or finer","1.0.0"
"1020586","built","1100","1100","exact_year","","1100","1100-01-01T00:00:00Z","9","inception (P571)","Q6421781","Wikidata inception (P571) ""1100-01-01T00:00:00Z"" at year precision or finer","1.0.0"
"1025868","built","1201","1300","century","","13th century","1250-01-01T00:00:00Z","7","inception (P571)","Q17582888","Wikidata inception (P571) ""1250-01-01T00:00:00Z"" at century precision; read as the 13th century (1201–1300), not as a year","1.0.0"
"1031835","built","1001","1100","century","","11th century","1050-01-01T00:00:00Z","7","inception (P571)","Q17533613","Wikidata inception (P571) ""1050-01-01T00:00:00Z"" at century precision; read as the 11th century (1001–1100), not as a year","1.0.0"
"1038944","built","1875","1875","exact_year","","1875","1875-01-01T00:00:00Z","9","inception (P571)","Q26290723","Wikidata inception (P571) ""1875-01-01T00:00:00Z"" at year precision or finer","1.0.0"
"1065896","built","1801","1900","century","","19th century","1801-01-01T00:00:00Z","7","inception (P571)","Q26318920","Wikidata inception (P571) ""1801-01-01T00:00:00Z"" at century precision; read as the 19th century (1801–1900), not as a year","1.0.0"
"1065974","built","1768","1768","exact_year","","1768","1768-01-01T00:00:00Z","9","inception (P571)","Q17533121","Wikidata inception (P571) ""1768-01-01T00:00:00Z"" at year precision or finer","1.0.0"
"1066024","built","1801","1900","century","","19th century","1801-01-01T00:00:00Z","7","inception (P571)","Q26319038","Wikidata inception (P571) ""1801-01-01T00:00:00Z"" at century precision; read as the 19th century (1801–1900), not as a year","1.0.0"
"1083103","built","801","900","century","","9th century","0801-01-01T00:00:00Z","7","inception (P571)","Q7595214","Wikidata inception (P571) ""0801-01-01T00:00:00Z"" at century precision; read as the 9th century (801–900), not as a year","1.0.0"
"1083103","built","901","1000","century","","10th century","0901-01-01T00:00:00Z","7","inception (P571)","Q7595214","Wikidata inception (P571) ""0901-01-01T00:00:00Z"" at century precision; read as the 10th century (901–1000), not as a year","1.0.0"
"1083144","built","1201","1300","century","","13th century","1250-01-01T00:00:00Z","7","inception (P571)","Q17533626","Wikidata inception (P571) ""1250-01-01T00:00:00Z"" at century precision; read as the 13th century (1201–1300), not as a year","1.0.0"
"1083151","built","1101","1200","century","","12th century","1150-01-01T00:00:00Z","7","inception (P571)","Q21436594","Wikidata inception (P571) ""1150-01-01T00:00:00Z"" at century precision; read as the 12th century (1101–1200), not as a year","1.0.0"
"1083170","built","1390","1399","decade","","1390s","1390-01-01T00:00:00Z","8","inception (P571)","Q8037764","Wikidata inception (P571) ""1390-01-01T00:00:00Z"" at decade precision; read as 1390–1399","1.0.0"
"1083170","event","1650","1650","exact_year","","1650","1650-01-01T00:00:00Z","9","significant event (P793) — slighting","Q8037764","Wikidata significant event (P793) — slighting ""1650-01-01T00:00:00Z"" at year precision or finer","1.0.0"
"1083170","event","1796","1796","exact_year","","1796","1796-02-19T00:00:00Z","11","significant event (P793) — conflagration","Q8037764","Wikidata significant event (P793) — conflagration ""1796-02-19T00:00:00Z"" at year precision or finer","1.0.0"
"1083209","built","1701","1800","century","","18th century","1701-01-01T00:00:00Z","7","inception (P571)","Q26364181","Wikidata inception (P571) ""1701-01-01T00:00:00Z"" at century precision; read as the 18th century (1701–1800), not as a year","1.0.0"
"1083326","built","1801","1900","century","","19th century","1801-01-01T00:00:00Z","7","inception (P571)","Q26364681","Wikidata inception (P571) ""1801-01-01T00:00:00Z"" at century precision; read as the 19th century (1801–1900), not as a year","1.0.0"
"1083345","built","1101","1200","century","","12th century","1150-01-01T00:00:00Z","7","inception (P571)","Q17533670","Wikidata inception (P571) ""1150-01-01T00:00:00Z"" at century precision; read as the 12th century (1101–1200), not as a year","1.0.0"
"1083356","built","1201","1300","century","","13th century","1250-01-01T00:00:00Z","7","inception (P571)","Q17533686","Wikidata inception (P571) ""1250-01-01T00:00:00Z"" at century precision; read as the 13th century (1201–1300), not as a year","1.0.0"
"1083378","built","1101","1200","century","","12th century","1150-01-01T00:00:00Z","7","inception (P571)","Q17533695","Wikidata inception (P571) ""1150-01-01T00:00:00Z"" at century precision; read as the 12th century (1101–1200), not as a year","1.0.0"
"1083392","built","1401","1500","century","","15th century","1450-01-01T00:00:00Z","7","inception (P571)","Q17533720","Wikidata inception (P571) ""1450-01-01T00:00:00Z"" at century precision; read as the 15th century (1401–1500), not as a year","1.0.0"
"1083399","built","1806","1806","exact_year","","1806","1806-01-01T00:00:00Z","9","inception (P571)","Q3739780","Wikidata inception (P571) ""1806-01-01T00:00:00Z"" at year precision or finer","1.0.0"
"1083400","built","1669","1669","exact_year","","1669","1669-01-01T00:00:00Z","9","inception (P571)","Q17554412","Wikidata inception (P571) ""1669-01-01T00:00:00Z"" at year precision or finer","1.0.0"
"1083406","built","1101","1200","century","","12th century","1150-01-01T00:00:00Z","7","inception (P571)","Q17533742","Wikidata inception (P571) ""1150-01-01T00:00:00Z"" at century precision; read as the 12th century (1101–1200), not as a year","1.0.0"
"1083427","built","1180","1180","exact_year","","1180","1180-01-01T00:00:00Z","9","inception (P571)","Q17533755","Wikidata inception (P571) ""1180-01-01T00:00:00Z"" at year precision or finer","1.0.0"
"1083428","associated","410","1484","period","","Middle Ages","Q12554 (Middle Ages)","0","time period (P2348) — Middle Ages","Q26365099","Wikidata time period (P2348) = Q12554 (Middle Ages); classified BROADER_THAN_REGISTRY; spans early_medieval, norman and medieval; kept as a span rather than narrowed to one of them; years from the Whilom period registry, which is a navigation convention","1.0.0"
"1083434","built","1301","1400","century","","14th century","1350-01-01T00:00:00Z","7","inception (P571)","Q17533768","Wikidata inception (P571) ""1350-01-01T00:00:00Z"" at century precision; read as the 14th century (1301–1400), not as a year","1.0.0"
"1083435","built","1870","1870","exact_year","","1870","1870-01-01T00:00:00Z","9","inception (P571)","Q26365130","Wikidata inception (P571) ""1870-01-01T00:00:00Z"" at year precision or finer","1.0.0"
"1083438","built","1201","1300","century","","13th century","1250-01-01T00:00:00Z","7","inception (P571)","Q17533780","Wikidata inception (P571) ""1250-01-01T00:00:00Z"" at century precision; read as the 13th century (1201–1300), not as a year","1.0.0"
"1083441","built","1801","1900","century","","19th century","1801-01-01T00:00:00Z","7","inception (P571)","Q26365154","Wikidata inception (P571) ""1801-01-01T00:00:00Z"" at century precision; read as the 19th century (1801–1900), not as a year","1.0.0"
"1083449","built","1789","1789","exact_year","","1789","1789-01-01T00:00:00Z","9","inception (P571)","Q26365181","Wikidata inception (P571) ""1789-01-01T00:00:00Z"" at year precision or finer","1.0.0"
"1083450","built","1301","1400","century","","14th century","1350-01-01T00:00:00Z","7","inception (P571)","Q7590923","Wikidata inception (P571) ""1350-01-01T00:00:00Z"" at century precision; read as the 14th century (1301–1400), not as a year","1.0.0"
"1083470","built","1894","1894","exact_year","","1894","1894-01-01T00:00:00Z","9","inception (P571)","Q8028157","Wikidata inception (P571) ""1894-01-01T00:00:00Z"" at year precision or finer","1.0.0"
"1083484","associated","410","1484","period","","Middle Ages","Q12554 (Middle Ages)","0","time period (P2348) — Middle Ages","Q26365347","Wikidata time period (P2348) = Q12554 (Middle Ages); classified BROADER_THAN_REGISTRY; spans early_medieval, norman and medieval; kept as a span rather than narrowed to one of them; years from the Whilom period registry, which is a navigation convention","1.0.0"
"1083487","built","1801","1900","century","","19th century","1801-01-01T00:00:00Z","7","inception (P571)","Q26365361","Wikidata inception (P571) ""1801-01-01T00:00:00Z"" at century precision; read as the 19th century (1801–1900), not as a year","1.0.0"
"1083488","built","1801","1900","century","","19th century","1801-01-01T00:00:00Z","7","inception (P571)","Q26365366","Wikidata inception (P571) ""1801-01-01T00:00:00Z"" at century precision; read as the 19th century (1801–1900), not as a year","1.0.0"
"1083494","built","1201","1300","century","","13th century","1250-01-01T00:00:00Z","7","inception (P571)","Q17533794","Wikidata inception (P571) ""1250-01-01T00:00:00Z"" at century precision; read as the 13th century (1201–1300), not as a year","1.0.0"
"1083641","event","1847","1847","exact_year","","1847","1847-01-01T00:00:00Z","9","date of official opening (P1619)","Q5457113","Wikidata date of official opening (P1619) ""1847-01-01T00:00:00Z"" at year precision or finer","1.0.0"
"1083772","built","1201","1300","century","","13th century","1250-01-01T00:00:00Z","7","inception (P571)","Q17533805","Wikidata inception (P571) ""1250-01-01T00:00:00Z"" at century precision; read as the 13th century (1201–1300), not as a year","1.0.0"
"1083797","built","1139","1139","exact_year","","1139","1139-01-01T00:00:00Z","9","inception (P571)","Q17533816","Wikidata inception (P571) ""1139-01-01T00:00:00Z"" at year precision or finer","1.0.0"
"1083806","built","1896","1896","exact_year","","1896","1896-01-01T00:00:00Z","9","inception (P571)","Q26268170","Wikidata inception (P571) ""1896-01-01T00:00:00Z"" at year precision or finer","1.0.0"
"1083812","built","1001","1100","century","","11th century","1050-01-01T00:00:00Z","7","inception (P571)","Q17533838","Wikidata inception (P571) ""1050-01-01T00:00:00Z"" at century precision; read as the 11th century (1001–1100), not as a year","1.0.0"
"1083824","built","1001","1100","century","","11th century","1050-01-01T00:00:00Z","7","inception (P571)","Q17533850","Wikidata inception (P571) ""1050-01-01T00:00:00Z"" at century precision; read as the 11th century (1001–1100), not as a year","1.0.0"
"1083830","built","1101","1200","century","","12th century","1150-01-01T00:00:00Z","7","inception (P571)","Q17533864","Wikidata inception (P571) ""1150-01-01T00:00:00Z"" at century precision; read as the 12th century (1101–1200), not as a year","1.0.0"
"1083837","built","1001","1100","century","","11th century","1050-01-01T00:00:00Z","7","inception (P571)","Q17533875","Wikidata inception (P571) ""1050-01-01T00:00:00Z"" at century precision; read as the 11th century (1001–1100), not as a year","1.0.0"
"1083841","built","1847","1847","exact_year","","1847","1847-01-01T00:00:00Z","9","inception (P571)","Q17554562","Wikidata inception (P571) ""1847-01-01T00:00:00Z"" at year precision or finer","1.0.0"
"1083842","event","1847","1847","exact_year","","1847","1847-01-01T00:00:00Z","9","date of official opening (P1619)","Q16900637","Wikidata date of official opening (P1619) ""1847-01-01T00:00:00Z"" at year precision or finer","1.0.0"
"1083851","built","1101","1200","century","","12th century","1150-01-01T00:00:00Z","7","inception (P571)","Q17533885","Wikidata inception (P571) ""1150-01-01T00:00:00Z"" at century precision; read as the 12th century (1101–1200), not as a year","1.0.0"
"1083868","built","1101","1200","century","","12th century","1150-01-01T00:00:00Z","7","inception (P571)","Q17533896","Wikidata inception (P571) ""1150-01-01T00:00:00Z"" at century precision; read as the 12th century (1101–1200), not as a year","1.0.0"
"1084028","built","1225","1225","exact_year","","1225","1225-01-01T00:00:00Z","9","inception (P571)","Q851660","Wikidata inception (P571) ""1225-01-01T00:00:00Z"" at year precision or finer","1.0.0"
"1084062","lost","1539","1539","exact_year","","1539","1539-01-01T00:00:00Z","9","dissolved, abolished or demolished (P576)","Q17554681","Wikidata dissolved, abolished or demolished (P576) ""1539-01-01T00:00:00Z"" at year precision or finer","1.0.0"
"1084101","built","1801","1900","century","","19th century","1801-01-01T00:00:00Z","7","inception (P571)","Q26367662","Wikidata inception (P571) ""1801-01-01T00:00:00Z"" at century precision; read as the 19th century (1801–1900), not as a year","1.0.0"
"1084120","built","1801","1900","century","","19th century","1801-01-01T00:00:00Z","7","inception (P571)","Q26367690","Wikidata inception (P571) ""1801-01-01T00:00:00Z"" at century precision; read as the 19th century (1801–1900), not as a year","1.0.0"
"1084132","built","601","700","century","","7th century","0650-01-01T00:00:00Z","7","inception (P571)","Q17533940","Wikidata inception (P571) ""0650-01-01T00:00:00Z"" at century precision; read as the 7th century (601–700), not as a year","1.0.0"
"1084136","built","1101","1200","century","","12th century","1150-01-01T00:00:00Z","7","inception (P571)","Q17533952","Wikidata inception (P571) ""1150-01-01T00:00:00Z"" at century precision; read as the 12th century (1101–1200), not as a year","1.0.0"
"1084138","built","1101","1200","century","","12th century","1150-01-01T00:00:00Z","7","inception (P571)","Q17533963","Wikidata inception (P571) ""1150-01-01T00:00:00Z"" at century precision; read as the 12th century (1101–1200), not as a year","1.0.0"
"1084144","built","1101","1200","century","","12th century","1150-01-01T00:00:00Z","7","inception (P571)","Q17533974","Wikidata inception (P571) ""1150-01-01T00:00:00Z"" at century precision; read as the 12th century (1101–1200), not as a year","1.0.0"
"1084147","built","1101","1200","century","","12th century","1150-01-01T00:00:00Z","7","inception (P571)","Q17533985","Wikidata inception (P571) ""1150-01-01T00:00:00Z"" at century precision; read as the 12th century (1101–1200), not as a year","1.0.0"
"1084150","built","1801","1900","century","","19th century","1801-01-01T00:00:00Z","7","inception (P571)","Q26367724","Wikidata inception (P571) ""1801-01-01T00:00:00Z"" at century precision; read as the 19th century (1801–1900), not as a year","1.0.0"
"1095996","built","1920","1920","exact_year","","1920","1920-01-01T00:00:00Z","9","inception (P571)","Q26388293","Wikidata inception (P571) ""1920-01-01T00:00:00Z"" at year precision or finer","1.0.0"
"1096106","event","1846","1846","exact_year","","1846","1846-01-01T00:00:00Z","9","date of official opening (P1619)","Q2684620","Wikidata date of official opening (P1619) ""1846-01-01T00:00:00Z"" at year precision or finer","1.0.0"
"1096909","built","1701","1800","century","","18th century","1800-01-01T00:00:00Z","7","inception (P571)","Q26389171","Wikidata inception (P571) ""1800-01-01T00:00:00Z"" at century precision; read as the 18th century (1701–1800), not as a year","1.0.0"
"1096910","built","1701","1800","century","","18th century","1800-01-01T00:00:00Z","7","inception (P571)","Q26389172","Wikidata inception (P571) ""1800-01-01T00:00:00Z"" at century precision; read as the 18th century (1701–1800), not as a year","1.0.0"
"1096919","built","1868","1868","exact_year","","1868","1868-01-01T00:00:00Z","9","inception (P571)","Q15979387","Wikidata inception (P571) ""1868-01-01T00:00:00Z"" at year precision or finer","1.0.0"
"1096997","built","1846","1846","exact_year","","1846","1846-01-01T00:00:00Z","9","inception (P571)","Q26389252","Wikidata inception (P571) ""1846-01-01T00:00:00Z"" at year precision or finer","1.0.0"
"1103364","built","1301","1400","century","","14th century","1301-01-01T00:00:00Z","7","inception (P571)","Q5643603","Wikidata inception (P571) ""1301-01-01T00:00:00Z"" at century precision; read as the 14th century (1301–1400), not as a year","1.0.0"
"1103364","lost","1536","1536","exact_year","","1536","1536-01-01T00:00:00Z","9","dissolved, abolished or demolished (P576)","Q5643603","Wikidata dissolved, abolished or demolished (P576) ""1536-01-01T00:00:00Z"" at year precision or finer","1.0.0"
"1103394","built","1301","1400","century","","14th century","1350-01-01T00:00:00Z","7","inception (P571)","Q17533998","Wikidata inception (P571) ""1350-01-01T00:00:00Z"" at century precision; read as the 14th century (1301–1400), not as a year","1.0.0"
"1103398","event","1846","1846","exact_year","","1846","1846-10-06T00:00:00Z","11","date of official opening (P1619)","Q5175629","Wikidata date of official opening (P1619) ""1846-10-06T00:00:00Z"" at year precision or finer","1.0.0"
"1103401","built","1201","1300","century","","13th century","1250-01-01T00:00:00Z","7","inception (P571)","Q17534009","Wikidata inception (P571) ""1250-01-01T00:00:00Z"" at century precision; read as the 13th century (1201–1300), not as a year","1.0.0"
"1103427","built","1101","1200","century","","12th century","1150-01-01T00:00:00Z","7","inception (P571)","Q17534021","Wikidata inception (P571) ""1150-01-01T00:00:00Z"" at century precision; read as the 12th century (1101–1200), not as a year","1.0.0"
"1103439","built","1858","1858","exact_year","","1858","1858-01-01T00:00:00Z","9","inception (P571)","Q17534045","Wikidata inception (P571) ""1858-01-01T00:00:00Z"" at year precision or finer","1.0.0"
"1103450","built","1101","1200","century","","12th century","1150-01-01T00:00:00Z","7","inception (P571)","Q17534057","Wikidata inception (P571) ""1150-01-01T00:00:00Z"" at century precision; read as the 12th century (1101–1200), not as a year","1.0.0"
"1103451","built","1857","1857","exact_year","","1857","1857-01-01T00:00:00Z","9","inception (P571)","Q17534072","Wikidata inception (P571) ""1857-01-01T00:00:00Z"" at year precision or finer","1.0.0"
"1116267","built","1872","1872","exact_year","","1872","1872-01-01T00:00:00Z","9","inception (P571)","Q24705036","Wikidata inception (P571) ""1872-01-01T00:00:00Z"" at year precision or finer","1.0.0"
"1116440","built","1401","1500","century","","15th century","1500-01-01T00:00:00Z","7","inception (P571)","Q17538239","Wikidata inception (P571) ""1500-01-01T00:00:00Z"" at century precision; read as the 15th century (1401–1500), not as a year","1.0.0"
"1116467","built","1801","1900","century","","19th century","1801-01-01T00:00:00Z","7","inception (P571)","Q26410076","Wikidata inception (P571) ""1801-01-01T00:00:00Z"" at century precision; read as the 19th century (1801–1900), not as a year","1.0.0"
"1117040","built","1001","1100","century","","11th century","1050-01-01T00:00:00Z","7","inception (P571)","Q17537932","Wikidata inception (P571) ""1050-01-01T00:00:00Z"" at century precision; read as the 11th century (1001–1100), not as a year","1.0.0"
"1130879","built","1201","1300","century","","13th century","1201-01-01T00:00:00Z","7","inception (P571)","Q5886632","Wikidata inception (P571) ""1201-01-01T00:00:00Z"" at century precision; read as the 13th century (1201–1300), not as a year","1.0.0"
"1130883","built","1801","1900","century","","19th century","1801-01-01T00:00:00Z","7","inception (P571)","Q26423862","Wikidata inception (P571) ""1801-01-01T00:00:00Z"" at century precision; read as the 19th century (1801–1900), not as a year","1.0.0"
"1130885","built","1379","1379","exact_year","","1379","1379-01-01T00:00:00Z","9","inception (P571)","Q495086","Wikidata inception (P571) ""1379-01-01T00:00:00Z"" at year precision or finer","1.0.0"
"1130885","event","1647","1647","exact_year","","1647","1647-01-01T00:00:00Z","9","significant event (P793) — slighting","Q495086","Wikidata significant event (P793) — slighting ""1647-01-01T00:00:00Z"" at year precision or finer","1.0.0"
"1130892","built","1201","1300","century","","13th century","1201-01-01T00:00:00Z","7","inception (P571)","Q5886483","Wikidata inception (P571) ""1201-01-01T00:00:00Z"" at century precision; read as the 13th century (1201–1300), not as a year","1.0.0"
"1130928","built","1801","1900","century","","19th century","1801-01-01T00:00:00Z","7","inception (P571)","Q26423899","Wikidata inception (P571) ""1801-01-01T00:00:00Z"" at century precision; read as the 19th century (1801–1900), not as a year","1.0.0"
"1130961","built","1101","1200","century","","12th century","1101-01-01T00:00:00Z","7","inception (P571)","Q748927","Wikidata inception (P571) ""1101-01-01T00:00:00Z"" at century precision; read as the 12th century (1101–1200), not as a year","1.0.0"
"1130961","lost","1537","1537","exact_year","","1537","1537-01-01T00:00:00Z","9","dissolved, abolished or demolished (P576)","Q748927","Wikidata dissolved, abolished or demolished (P576) ""1537-01-01T00:00:00Z"" at year precision or finer","1.0.0"
"1131364","built","1401","1500","century","","15th century","1500-01-01T00:00:00Z","7","inception (P571)","Q17538239","Wikidata inception (P571) ""1500-01-01T00:00:00Z"" at century precision; read as the 15th century (1401–1500), not as a year","1.0.0"
"1131366","built","1840","1840","exact_year","","1840","1840-01-01T00:00:00Z","9","inception (P571)","Q26424331","Wikidata inception (P571) ""1840-01-01T00:00:00Z"" at year precision or finer","1.0.0"
"1131488","built","1412","1412","exact_year","","1412","1412-01-01T00:00:00Z","9","inception (P571)","Q17538250","Wikidata inception (P571) ""1412-01-01T00:00:00Z"" at year precision or finer","1.0.0"
"1131548","lost","1539","1539","exact_year","","1539","1539-01-01T00:00:00Z","9","dissolved, abolished or demolished (P576)","Q7590024","Wikidata dissolved, abolished or demolished (P576) ""1539-01-01T00:00:00Z"" at year precision or finer","1.0.0"
"1131554","built","1801","1900","century","","19th century","1801-01-01T00:00:00Z","7","inception (P571)","Q26424512","Wikidata inception (P571) ""1801-01-01T00:00:00Z"" at century precision; read as the 19th century (1801–1900), not as a year","1.0.0"
"1131579","built","1101","1200","century","","12th century","1150-01-01T00:00:00Z","7","inception (P571)","Q17538257","Wikidata inception (P571) ""1150-01-01T00:00:00Z"" at century precision; read as the 12th century (1101–1200), not as a year","1.0.0"
"1131584","built","1701","1800","century","","18th century","1701-01-01T00:00:00Z","7","inception (P571)","Q26424540","Wikidata inception (P571) ""1701-01-01T00:00:00Z"" at century precision; read as the 18th century (1701–1800), not as a year","1.0.0"
"1131606","built","1101","1200","century","","12th century","1101-01-01T00:00:00Z","7","inception (P571)","Q5327479","Wikidata inception (P571) ""1101-01-01T00:00:00Z"" at century precision; read as the 12th century (1101–1200), not as a year","1.0.0"
"1131606","lost","1537","1537","exact_year","","1537","1537-01-01T00:00:00Z","9","dissolved, abolished or demolished (P576)","Q5327479","Wikidata dissolved, abolished or demolished (P576) ""1537-01-01T00:00:00Z"" at year precision or finer","1.0.0"
"1131607","built","1200","1200","exact_year","","1200","1200-01-01T00:00:00Z","9","inception (P571)","Q45740905","Wikidata inception (P571) ""1200-01-01T00:00:00Z"" at year precision or finer","1.0.0"
"1131685","built","1890","1890","exact_year","","1890","1890-01-01T00:00:00Z","9","inception (P571)","Q26424637","Wikidata inception (P571) ""1890-01-01T00:00:00Z"" at year precision or finer","1.0.0"
"1131740","built","1201","1300","century","","13th century","1250-01-01T00:00:00Z","7","inception (P571)","Q17582912","Wikidata inception (P571) ""1250-01-01T00:00:00Z"" at century precision; read as the 13th century (1201–1300), not as a year","1.0.0"
"1131761","built","1501","1600","century","","16th century","1550-01-01T00:00:00Z","7","inception (P571)","Q17538057","Wikidata inception (P571) ""1550-01-01T00:00:00Z"" at century precision; read as the 16th century (1501–1600), not as a year","1.0.0"
"1131777","built","1886","1886","exact_year","","1886","1886-01-01T00:00:00Z","9","inception (P571)","Q20712039","Wikidata inception (P571) ""1886-01-01T00:00:00Z"" at year precision or finer","1.0.0"
"1131810","built","1701","1800","century","","18th century","1701-01-01T00:00:00Z","7","inception (P571)","Q26424767","Wikidata inception (P571) ""1701-01-01T00:00:00Z"" at century precision; read as the 18th century (1701–1800), not as a year","1.0.0"
"1131937","built","1890","1890","exact_year","","1890","1890-01-01T00:00:00Z","9","inception (P571)","Q26424886","Wikidata inception (P571) ""1890-01-01T00:00:00Z"" at year precision or finer","1.0.0"
"1132141","built","1701","1800","century","","18th century","1701-01-01T00:00:00Z","7","inception (P571)","Q26425091","Wikidata inception (P571) ""1701-01-01T00:00:00Z"" at century precision; read as the 18th century (1701–1800), not as a year","1.0.0"
"1132175","built","1301","1400","century","","14th century","1350-01-01T00:00:00Z","7","inception (P571)","Q17538069","Wikidata inception (P571) ""1350-01-01T00:00:00Z"" at century precision; read as the 14th century (1301–1400), not as a year","1.0.0"
"1132445","built","1801","1900","century","","19th century","1801-01-01T00:00:00Z","7","inception (P571)","Q26425402","Wikidata inception (P571) ""1801-01-01T00:00:00Z"" at century precision; read as the 19th century (1801–1900), not as a year","1.0.0"
"1132446","built","1801","1900","century","","19th century","1801-01-01T00:00:00Z","7","inception (P571)","Q26425403","Wikidata inception (P571) ""1801-01-01T00:00:00Z"" at century precision; read as the 19th century (1801–1900), not as a year","1.0.0"
"1132447","built","1801","1900","century","","19th century","1801-01-01T00:00:00Z","7","inception (P571)","Q26425404","Wikidata inception (P571) ""1801-01-01T00:00:00Z"" at century precision; read as the 19th century (1801–1900), not as a year","1.0.0"
"1132464","built","1101","1200","century","","12th century","1150-01-01T00:00:00Z","7","inception (P571)","Q17526221","Wikidata inception (P571) ""1150-01-01T00:00:00Z"" at century precision; read as the 12th century (1101–1200), not as a year","1.0.0"
"1132478","built","1801","1900","century","","19th century","1801-01-01T00:00:00Z","7","inception (P571)","Q26425431","Wikidata inception (P571) ""1801-01-01T00:00:00Z"" at century precision; read as the 19th century (1801–1900), not as a year","1.0.0"
"1132497","built","1801","1900","century","","19th century","1801-01-01T00:00:00Z","7","inception (P571)","Q26425449","Wikidata inception (P571) ""1801-01-01T00:00:00Z"" at century precision; read as the 19th century (1801–1900), not as a year","1.0.0"
"1132520","built","1101","1200","century","","12th century","1150-01-01T00:00:00Z","7","inception (P571)","Q17530528","Wikidata inception (P571) ""1150-01-01T00:00:00Z"" at century precision; read as the 12th century (1101–1200), not as a year","1.0.0"
"1132537","built","1101","1200","century","","12th century","1150-01-01T00:00:00Z","7","inception (P571)","Q17526235","Wikidata inception (P571) ""1150-01-01T00:00:00Z"" at century precision; read as the 12th century (1101–1200), not as a year","1.0.0"
"1132591","built","1001","1100","century","","11th century","1001-01-01T00:00:00Z","7","inception (P571)","Q1703400","Wikidata inception (P571) ""1001-01-01T00:00:00Z"" at century precision; read as the 11th century (1001–1100), not as a year","1.0.0"
"1132591","lost","1539","1539","exact_year","","1539","1539-01-01T00:00:00Z","9","dissolved, abolished or demolished (P576)","Q1703400","Wikidata dissolved, abolished or demolished (P576) ""1539-01-01T00:00:00Z"" at year precision or finer","1.0.0"
"1132899","built","1904","1904","exact_year","","1904","1904-01-01T00:00:00Z","9","inception (P571)","Q26425844","Wikidata inception (P571) ""1904-01-01T00:00:00Z"" at year precision or finer","1.0.0"
"1132923","built","1861","1861","exact_year","","1861","1861-01-01T00:00:00Z","9","inception (P571)","Q26425866","Wikidata inception (P571) ""1861-01-01T00:00:00Z"" at year precision or finer","1.0.0"
"1133006","event","2016","2016","exact_year","","2016","2016-01-28T00:00:00Z","11","significant event (P793) — conflagration","Q26425947","Wikidata significant event (P793) — conflagration ""2016-01-28T00:00:00Z"" at year precision or finer","1.0.0"
"1133051","built","1904","1904","exact_year","","1904","1904-01-01T00:00:00Z","9","inception (P571)","Q26425990","Wikidata inception (P571) ""1904-01-01T00:00:00Z"" at year precision or finer","1.0.0"
"1133134","built","1850","1850","exact_year","","1850","1850-01-01T00:00:00Z","9","inception (P571)","Q26426073","Wikidata inception (P571) ""1850-01-01T00:00:00Z"" at year precision or finer","1.0.0"
"1133250","built","1400","1400","exact_year","","1400","1400-01-01T00:00:00Z","9","inception (P571)","Q2454607","Wikidata inception (P571) ""1400-01-01T00:00:00Z"" at year precision or finer","1.0.0"
"1133250","built","1401","1500","century","","15th century","1450-01-01T00:00:00Z","7","inception (P571)","Q2454607","Wikidata inception (P571) ""1450-01-01T00:00:00Z"" at century precision; read as the 15th century (1401–1500), not as a year","1.0.0"
"1133377","event","1686","1686","exact_year","","1686","1686-01-01T00:00:00Z","9","date of official opening (P1619)","Q6068531","Wikidata date of official opening (P1619) ""1686-01-01T00:00:00Z"" at year precision or finer","1.0.0"
"1133420","built","1801","1900","century","","19th century","1801-01-01T00:00:00Z","7","inception (P571)","Q26426360","Wikidata inception (P571) ""1801-01-01T00:00:00Z"" at century precision; read as the 19th century (1801–1900), not as a year","1.0.0"
"1133446","built","1801","1900","century","","19th century","1801-01-01T00:00:00Z","7","inception (P571)","Q26426386","Wikidata inception (P571) ""1801-01-01T00:00:00Z"" at century precision; read as the 19th century (1801–1900), not as a year","1.0.0"
"1133448","built","1801","1900","century","","19th century","1801-01-01T00:00:00Z","7","inception (P571)","Q26426388","Wikidata inception (P571) ""1801-01-01T00:00:00Z"" at century precision; read as the 19th century (1801–1900), not as a year","1.0.0"
"1133457","built","1401","1500","century","","15th century","1450-01-01T00:00:00Z","7","inception (P571)","Q17526530","Wikidata inception (P571) ""1450-01-01T00:00:00Z"" at century precision; read as the 15th century (1401–1500), not as a year","1.0.0"
"1133474","built","1701","1800","century","","18th century","1701-01-01T00:00:00Z","7","inception (P571)","Q26426412","Wikidata inception (P571) ""1701-01-01T00:00:00Z"" at century precision; read as the 18th century (1701–1800), not as a year","1.0.0"
"1133581","built","1801","1900","century","","19th century","1801-01-01T00:00:00Z","7","inception (P571)","Q26426516","Wikidata inception (P571) ""1801-01-01T00:00:00Z"" at century precision; read as the 19th century (1801–1900), not as a year","1.0.0"
"1133590","built","1801","1900","century","","19th century","1801-01-01T00:00:00Z","7","inception (P571)","Q26426525","Wikidata inception (P571) ""1801-01-01T00:00:00Z"" at century precision; read as the 19th century (1801–1900), not as a year","1.0.0"
"1133611","built","1801","1900","century","","19th century","1801-01-01T00:00:00Z","7","inception (P571)","Q26426553","Wikidata inception (P571) ""1801-01-01T00:00:00Z"" at century precision; read as the 19th century (1801–1900), not as a year","1.0.0"
"1133660","built","1727","1727","exact_year","","1727","1727-01-01T00:00:00Z","9","inception (P571)","Q17526563","Wikidata inception (P571) ""1727-01-01T00:00:00Z"" at year precision or finer","1.0.0"
"1133675","built","1873","1873","exact_year","","1873","1873-01-01T00:00:00Z","9","inception (P571)","Q4954625","Wikidata inception (P571) ""1873-01-01T00:00:00Z"" at year precision or finer","1.0.0"
"1133800","built","1701","1800","century","","18th century","1701-01-01T00:00:00Z","7","inception (P571)","Q26426762","Wikidata inception (P571) ""1701-01-01T00:00:00Z"" at century precision; read as the 18th century (1701–1800), not as a year","1.0.0"
"1133814","built","1787","1787","exact_year","","1787","1787-01-01T00:00:00Z","9","inception (P571)","Q26426784","Wikidata inception (P571) ""1787-01-01T00:00:00Z"" at year precision or finer","1.0.0"
"1133832","built","901","1000","century","","10th century","0901-01-01T00:00:00Z","7","inception (P571)","Q26426818","Wikidata inception (P571) ""0901-01-01T00:00:00Z"" at century precision; read as the 10th century (901–1000), not as a year","1.0.0"
"1133832","built","901","1000","century","","10th century","0901-01-01T00:00:00Z","7","inception (P571)","Q26426818","Wikidata inception (P571) ""0901-01-01T00:00:00Z"" at century precision; read as the 10th century (901–1000), not as a year","1.0.0"
"1133835","built","1801","1900","century","","19th century","1801-01-01T00:00:00Z","7","inception (P571)","Q26426822","Wikidata inception (P571) ""1801-01-01T00:00:00Z"" at century precision; read as the 19th century (1801–1900), not as a year","1.0.0"
"1133854","built","1801","1900","century","","19th century","1801-01-01T00:00:00Z","7","inception (P571)","Q26426856","Wikidata inception (P571) ""1801-01-01T00:00:00Z"" at century precision; read as the 19th century (1801–1900), not as a year","1.0.0"
"1133868","built","1801","1900","century","","19th century","1801-01-01T00:00:00Z","7","inception (P571)","Q26426882","Wikidata inception (P571) ""1801-01-01T00:00:00Z"" at century precision; read as the 19th century (1801–1900), not as a year","1.0.0"
"1133873","built","1633","1633","exact_year","","1633","1633-01-01T00:00:00Z","9","inception (P571)","Q17542037","Wikidata inception (P571) ""1633-01-01T00:00:00Z"" at year precision or finer","1.0.0"
"1133879","built","1856","1856","exact_year","","1856","1856-01-01T00:00:00Z","9","inception (P571)","Q17542079","Wikidata inception (P571) ""1856-01-01T00:00:00Z"" at year precision or finer","1.0.0"
"1133904","built","1699","1699","exact_year","","1699","1699-01-01T00:00:00Z","9","inception (P571)","Q26426941","Wikidata inception (P571) ""1699-01-01T00:00:00Z"" at year precision or finer","1.0.0"
"1133909","built","1834","1834","exact_year","","1834","1834-05-16T00:00:00Z","11","inception (P571)","Q26426950","Wikidata inception (P571) ""1834-05-16T00:00:00Z"" at year precision or finer","1.0.0"
"1133928","built","1101","1200","century","","12th century","1150-01-01T00:00:00Z","7","inception (P571)","Q5642201","Wikidata inception (P571) ""1150-01-01T00:00:00Z"" at century precision; read as the 12th century (1101–1200), not as a year","1.0.0"
"1133951","built","1701","1800","century","","18th century","1701-01-01T00:00:00Z","7","inception (P571)","Q26427034","Wikidata inception (P571) ""1701-01-01T00:00:00Z"" at century precision; read as the 18th century (1701–1800), not as a year","1.0.0"
"1133953","built","1801","1900","century","","19th century","1801-01-01T00:00:00Z","7","inception (P571)","Q26427039","Wikidata inception (P571) ""1801-01-01T00:00:00Z"" at century precision; read as the 19th century (1801–1900), not as a year","1.0.0"
"1133960","built","1801","1900","century","","19th century","1801-01-01T00:00:00Z","7","inception (P571)","Q26427050","Wikidata inception (P571) ""1801-01-01T00:00:00Z"" at century precision; read as the 19th century (1801–1900), not as a year","1.0.0"
"1133974","built","1801","1900","century","","19th century","1801-01-01T00:00:00Z","7","inception (P571)","Q26427075","Wikidata inception (P571) ""1801-01-01T00:00:00Z"" at century precision; read as the 19th century (1801–1900), not as a year","1.0.0"
"1133985","built","1863","1863","exact_year","","1863","1863-01-01T00:00:00Z","9","inception (P571)","Q7595475","Wikidata inception (P571) ""1863-01-01T00:00:00Z"" at year precision or finer","1.0.0"
"1133990","built","1801","1900","century","","19th century","1801-01-01T00:00:00Z","7","inception (P571)","Q26427104","Wikidata inception (P571) ""1801-01-01T00:00:00Z"" at century precision; read as the 19th century (1801–1900), not as a year","1.0.0"
"1134019","event","1867","1867","exact_year","","1867","1867-01-01T00:00:00Z","9","date of official opening (P1619)","Q5685412","Wikidata date of official opening (P1619) ""1867-01-01T00:00:00Z"" at year precision or finer","1.0.0"
"1134038","event","1904","1904","exact_year","","1904","1904-08-20T00:00:00Z","11","date of official opening (P1619)","Q26427202","Wikidata date of official opening (P1619) ""1904-08-20T00:00:00Z"" at year precision or finer","1.0.0"
"1134050","built","1701","1800","century","","18th century","1701-01-01T00:00:00Z","7","inception (P571)","Q26427229","Wikidata inception (P571) ""1701-01-01T00:00:00Z"" at century precision; read as the 18th century (1701–1800), not as a year","1.0.0"
"1134064","associated","410","1484","period","","Middle Ages","Q12554 (Middle Ages)","0","time period (P2348) — Middle Ages","Q26427259","Wikidata time period (P2348) = Q12554 (Middle Ages); classified BROADER_THAN_REGISTRY; spans early_medieval, norman and medieval; kept as a span rather than narrowed to one of them; years from the Whilom period registry, which is a navigation convention","1.0.0"
"1134080","built","1701","1800","century","","18th century","1701-01-01T00:00:00Z","7","inception (P571)","Q26427297","Wikidata inception (P571) ""1701-01-01T00:00:00Z"" at century precision; read as the 18th century (1701–1800), not as a year","1.0.0"
"1134111","built","1801","1900","century","","19th century","1801-01-01T00:00:00Z","7","inception (P571)","Q26427361","Wikidata inception (P571) ""1801-01-01T00:00:00Z"" at century precision; read as the 19th century (1801–1900), not as a year","1.0.0"
"1134474","built","1601","1700","century","","17th century","1700-01-01T00:00:00Z","7","inception (P571)","Q26427853","Wikidata inception (P571) ""1700-01-01T00:00:00Z"" at century precision; read as the 17th century (1601–1700), not as a year","1.0.0"
"1134491","built","1642","1642","exact_year","","1642","1642-01-01T00:00:00Z","9","inception (P571)","Q26427871","Wikidata inception (P571) ""1642-01-01T00:00:00Z"" at year precision or finer","1.0.0"
"1134554","built","1801","1900","century","","19th century","1801-01-01T00:00:00Z","7","inception (P571)","Q26427935","Wikidata inception (P571) ""1801-01-01T00:00:00Z"" at century precision; read as the 19th century (1801–1900), not as a year","1.0.0"
"1134620","built","1485","1485","exact_year","","1485","1485-01-01T00:00:00Z","9","inception (P571)","Q17530420","Wikidata inception (P571) ""1485-01-01T00:00:00Z"" at year precision or finer","1.0.0"
"1134650","event","1848","1848","exact_year","","1848","1848-01-01T00:00:00Z","9","date of official opening (P1619)","Q26428026","Wikidata date of official opening (P1619) ""1848-01-01T00:00:00Z"" at year precision or finer","1.0.0"
"1134707","built","1889","1889","exact_year","","1889","1889-01-01T00:00:00Z","9","inception (P571)","Q5268291","Wikidata inception (P571) ""1889-01-01T00:00:00Z"" at year precision or finer","1.0.0"
"1134723","built","1871","1871","exact_year","","1871","1871-01-01T00:00:00Z","9","inception (P571)","Q26428096","Wikidata inception (P571) ""1871-01-01T00:00:00Z"" at year precision or finer","1.0.0"
"1135051","built","1801","1900","century","","19th century","1801-01-01T00:00:00Z","7","inception (P571)","Q26428444","Wikidata inception (P571) ""1801-01-01T00:00:00Z"" at century precision; read as the 19th century (1801–1900), not as a year","1.0.0"
"1135078","built","1801","1900","century","","19th century","1801-01-01T00:00:00Z","7","inception (P571)","Q26428472","Wikidata inception (P571) ""1801-01-01T00:00:00Z"" at century precision; read as the 19th century (1801–1900), not as a year","1.0.0"
"1135096","built","1746","1746","exact_year","","1746","1746-01-01T00:00:00Z","9","inception (P571)","Q5508370","Wikidata inception (P571) ""1746-01-01T00:00:00Z"" at year precision or finer","1.0.0"
"1135104","event","1906","1906","exact_year","","1906","1906-10-27T00:00:00Z","11","date of official opening (P1619)","Q26428497","Wikidata date of official opening (P1619) ""1906-10-27T00:00:00Z"" at year precision or finer","1.0.0"
"1135104","built","1905","1905","exact_year","","1905","1905-01-01T00:00:00Z","9","inception (P571)","Q26428497","Wikidata inception (P571) ""1905-01-01T00:00:00Z"" at year precision or finer","1.0.0"
"1135106","built","1801","1900","century","","19th century","1801-01-01T00:00:00Z","7","inception (P571)","Q26428499","Wikidata inception (P571) ""1801-01-01T00:00:00Z"" at century precision; read as the 19th century (1801–1900), not as a year","1.0.0"
"1135108","built","1878","1878","exact_year","","1878","1878-01-01T00:00:00Z","9","inception (P571)","Q26428501","Wikidata inception (P571) ""1878-01-01T00:00:00Z"" at year precision or finer","1.0.0"
"1135109","built","1801","1900","century","","19th century","1801-01-01T00:00:00Z","7","inception (P571)","Q26428502","Wikidata inception (P571) ""1801-01-01T00:00:00Z"" at century precision; read as the 19th century (1801–1900), not as a year","1.0.0"
"1135135","built","1801","1900","century","","19th century","1801-01-01T00:00:00Z","7","inception (P571)","Q26428526","Wikidata inception (P571) ""1801-01-01T00:00:00Z"" at century precision; read as the 19th century (1801–1900), not as a year","1.0.0"
"1135429","built","1879","1879","exact_year","","1879","1879-01-01T00:00:00Z","9","inception (P571)","Q19972068","Wikidata inception (P571) ""1879-01-01T00:00:00Z"" at year precision or finer","1.0.0"
"1135443","built","1806","1806","exact_year","","1806","1806-01-01T00:00:00Z","9","inception (P571)","Q17550122","Wikidata inception (P571) ""1806-01-01T00:00:00Z"" at year precision or finer","1.0.0"
"1135453","associated","410","1484","period","","Middle Ages","Q12554 (Middle Ages)","0","time period (P2348) — Middle Ages","Q17674555","Wikidata time period (P2348) = Q12554 (Middle Ages); classified BROADER_THAN_REGISTRY; spans early_medieval, norman and medieval; kept as a span rather than narrowed to one of them; years from the Whilom period registry, which is a navigation convention","1.0.0"
"1135455","built","1734","1734","exact_year","","1734","1734-01-01T00:00:00Z","9","inception (P571)","Q17550130","Wikidata inception (P571) ""1734-01-01T00:00:00Z"" at year precision or finer","1.0.0"
"1135486","built","1801","1900","century","","19th century","1801-01-01T00:00:00Z","7","inception (P571)","Q26428867","Wikidata inception (P571) ""1801-01-01T00:00:00Z"" at century precision; read as the 19th century (1801–1900), not as a year","1.0.0"
"1135488","built","1801","1900","century","","19th century","1801-01-01T00:00:00Z","7","inception (P571)","Q26428869","Wikidata inception (P571) ""1801-01-01T00:00:00Z"" at century precision; read as the 19th century (1801–1900), not as a year","1.0.0"
"1135489","built","1824","1824","exact_year","","1824","1824-01-01T00:00:00Z","9","inception (P571)","Q26428870","Wikidata inception (P571) ""1824-01-01T00:00:00Z"" at year precision or finer","1.0.0"
"1135489","lost","2014","2014","exact_year","","2014","2014-01-01T00:00:00Z","9","dissolved, abolished or demolished (P576)","Q26428870","Wikidata dissolved, abolished or demolished (P576) ""2014-01-01T00:00:00Z"" at year precision or finer","1.0.0"
"1135598","built","1001","1100","century","","11th century","1050-01-01T00:00:00Z","7","inception (P571)","Q17530487","Wikidata inception (P571) ""1050-01-01T00:00:00Z"" at century precision; read as the 11th century (1001–1100), not as a year","1.0.0"
"1135617","built","1801","1900","century","","19th century","1801-01-01T00:00:00Z","7","inception (P571)","Q26428991","Wikidata inception (P571) ""1801-01-01T00:00:00Z"" at century precision; read as the 19th century (1801–1900), not as a year","1.0.0"
"1135652","built","850","850","exact_year","","850","0850-01-01T00:00:00Z","9","inception (P571)","Q17530497","Wikidata inception (P571) ""0850-01-01T00:00:00Z"" at year precision or finer","1.0.0"
"1135661","built","1801","1900","century","","19th century","1826-01-01T00:00:00Z","7","inception (P571)","Q26429027","Wikidata inception (P571) ""1826-01-01T00:00:00Z"" at century precision; read as the 19th century (1801–1900), not as a year","1.0.0"
"1135664","built","1301","1400","century","","14th century","1350-01-01T00:00:00Z","7","inception (P571)","Q17530501","Wikidata inception (P571) ""1350-01-01T00:00:00Z"" at century precision; read as the 14th century (1301–1400), not as a year","1.0.0"
"1135676","built","1829","1829","exact_year","","1829","1829-01-01T00:00:00Z","9","inception (P571)","Q17533282","Wikidata inception (P571) ""1829-01-01T00:00:00Z"" at year precision or finer","1.0.0"
"1135679","built","1873","1873","exact_year","","1873","1873-01-01T00:00:00Z","9","inception (P571)","Q24705040","Wikidata inception (P571) ""1873-01-01T00:00:00Z"" at year precision or finer","1.0.0"
"1135681","built","1920","1929","decade","","1920s","1920-01-01T00:00:00Z","8","inception (P571)","Q26429044","Wikidata inception (P571) ""1920-01-01T00:00:00Z"" at decade precision; read as 1920–1929","1.0.0"
"1148133","built","1101","1200","century","","12th century","1150-01-01T00:00:00Z","7","inception (P571)","Q17526102","Wikidata inception (P571) ""1150-01-01T00:00:00Z"" at century precision; read as the 12th century (1101–1200), not as a year","1.0.0"
"1148167","built","1701","1800","century","","18th century","1701-01-01T00:00:00Z","7","inception (P571)","Q26441133","Wikidata inception (P571) ""1701-01-01T00:00:00Z"" at century precision; read as the 18th century (1701–1800), not as a year","1.0.0"
"1148397","built","1101","1200","century","","12th century","1150-01-01T00:00:00Z","7","inception (P571)","Q17526238","Wikidata inception (P571) ""1150-01-01T00:00:00Z"" at century precision; read as the 12th century (1101–1200), not as a year","1.0.0"
"1148402","built","1101","1200","century","","12th century","1150-01-01T00:00:00Z","7","inception (P571)","Q17526244","Wikidata inception (P571) ""1150-01-01T00:00:00Z"" at century precision; read as the 12th century (1101–1200), not as a year","1.0.0"
"1148428","built","1201","1300","century","","13th century","1250-01-01T00:00:00Z","7","inception (P571)","Q17526251","Wikidata inception (P571) ""1250-01-01T00:00:00Z"" at century precision; read as the 13th century (1201–1300), not as a year","1.0.0"
"1148436","built","1201","1300","century","","13th century","1250-01-01T00:00:00Z","7","inception (P571)","Q17526262","Wikidata inception (P571) ""1250-01-01T00:00:00Z"" at century precision; read as the 13th century (1201–1300), not as a year","1.0.0"
"1148440","built","1301","1400","century","","14th century","1301-01-01T00:00:00Z","7","inception (P571)","Q7594258","Wikidata inception (P571) ""1301-01-01T00:00:00Z"" at century precision; read as the 14th century (1301–1400), not as a year","1.0.0"
"1148441","built","1801","1900","century","","19th century","1801-01-01T00:00:00Z","7","inception (P571)","Q26441392","Wikidata inception (P571) ""1801-01-01T00:00:00Z"" at century precision; read as the 19th century (1801–1900), not as a year","1.0.0"
"1148444","built","1101","1200","century","","12th century","1150-01-01T00:00:00Z","7","inception (P571)","Q17526270","Wikidata inception (P571) ""1150-01-01T00:00:00Z"" at century precision; read as the 12th century (1101–1200), not as a year","1.0.0"
"1148445","built","1801","1900","century","","19th century","1801-01-01T00:00:00Z","7","inception (P571)","Q26441395","Wikidata inception (P571) ""1801-01-01T00:00:00Z"" at century precision; read as the 19th century (1801–1900), not as a year","1.0.0"
"1148450","built","1301","1400","century","","14th century","1350-01-01T00:00:00Z","7","inception (P571)","Q108607314","Wikidata inception (P571) ""1350-01-01T00:00:00Z"" at century precision; read as the 14th century (1301–1400), not as a year","1.0.0"
"1148462","built","1101","1200","century","","12th century","1150-01-01T00:00:00Z","7","inception (P571)","Q15223548","Wikidata inception (P571) ""1150-01-01T00:00:00Z"" at century precision; read as the 12th century (1101–1200), not as a year","1.0.0"
"1148464","built","1101","1200","century","","12th century","1150-01-01T00:00:00Z","7","inception (P571)","Q17526282","Wikidata inception (P571) ""1150-01-01T00:00:00Z"" at century precision; read as the 12th century (1101–1200), not as a year","1.0.0"
"1148467","built","1190","1199","decade","","1190s","1190-01-01T00:00:00Z","8","inception (P571)","Q17526288","Wikidata inception (P571) ""1190-01-01T00:00:00Z"" at decade precision; read as 1190–1199","1.0.0"
"1148469","built","1401","1500","century","","15th century","1450-01-01T00:00:00Z","7","inception (P571)","Q17526293","Wikidata inception (P571) ""1450-01-01T00:00:00Z"" at century precision; read as the 15th century (1401–1500), not as a year","1.0.0"
"1148480","built","1301","1400","century","","14th century","1350-01-01T00:00:00Z","7","inception (P571)","Q17530531","Wikidata inception (P571) ""1350-01-01T00:00:00Z"" at century precision; read as the 14th century (1301–1400), not as a year","1.0.0"
"1148504","built","1854","1854","exact_year","","1854","1854-01-01T00:00:00Z","9","inception (P571)","Q26441443","Wikidata inception (P571) ""1854-01-01T00:00:00Z"" at year precision or finer","1.0.0"
"1148506","built","1832","1832","exact_year","","1832","1832-01-01T00:00:00Z","9","inception (P571)","Q17542273","Wikidata inception (P571) ""1832-01-01T00:00:00Z"" at year precision or finer","1.0.0"
"1148515","associated","410","1484","period","","Middle Ages","Q12554 (Middle Ages)","0","time period (P2348) — Middle Ages","Q26441453","Wikidata time period (P2348) = Q12554 (Middle Ages); classified BROADER_THAN_REGISTRY; spans early_medieval, norman and medieval; kept as a span rather than narrowed to one of them; years from the Whilom period registry, which is a navigation convention","1.0.0"
"1148541","built","1801","1900","century","","19th century","1801-01-01T00:00:00Z","7","inception (P571)","Q26441478","Wikidata inception (P571) ""1801-01-01T00:00:00Z"" at century precision; read as the 19th century (1801–1900), not as a year","1.0.0"
"1148706","built","1821","1821","exact_year","","1821","1821-01-01T00:00:00Z","9","inception (P571)","Q7085077","Wikidata inception (P571) ""1821-01-01T00:00:00Z"" at year precision or finer","1.0.0"
"1148720","built","1701","1800","century","","18th century","1701-01-01T00:00:00Z","7","inception (P571)","Q26441647","Wikidata inception (P571) ""1701-01-01T00:00:00Z"" at century precision; read as the 18th century (1701–1800), not as a year","1.0.0"
"1148816","associated","410","1484","period","","Middle Ages","Q12554 (Middle Ages)","0","time period (P2348) — Middle Ages","Q17647218","Wikidata time period (P2348) = Q12554 (Middle Ages); classified BROADER_THAN_REGISTRY; spans early_medieval, norman and medieval; kept as a span rather than narrowed to one of them; years from the Whilom period registry, which is a navigation convention","1.0.0"
"1148980","built","1714","1714","exact_year","","1714","1714-01-01T00:00:00Z","9","inception (P571)","Q17538311","Wikidata inception (P571) ""1714-01-01T00:00:00Z"" at year precision or finer","1.0.0"
"1148993","built","1160","1169","decade","","1160s","1160-01-01T00:00:00Z","8","inception (P571)","Q17538314","Wikidata inception (P571) ""1160-01-01T00:00:00Z"" at decade precision; read as 1160–1169","1.0.0"
"1149035","built","1701","1800","century","","18th century","1701-01-01T00:00:00Z","7","inception (P571)","Q26441958","Wikidata inception (P571) ""1701-01-01T00:00:00Z"" at century precision; read as the 18th century (1701–1800), not as a year","1.0.0"
"1149041","associated","410","1484","period","","Middle Ages","Q12554 (Middle Ages)","0","time period (P2348) — Middle Ages","Q26441965","Wikidata time period (P2348) = Q12554 (Middle Ages); classified BROADER_THAN_REGISTRY; spans early_medieval, norman and medieval; kept as a span rather than narrowed to one of them; years from the Whilom period registry, which is a navigation convention","1.0.0"
"1149041","built","1701","1800","century","","18th century","1701-01-01T00:00:00Z","7","inception (P571)","Q26441965","Wikidata inception (P571) ""1701-01-01T00:00:00Z"" at century precision; read as the 18th century (1701–1800), not as a year","1.0.0"
"1149064","built","1101","1200","century","","12th century","1150-01-01T00:00:00Z","7","inception (P571)","Q17538327","Wikidata inception (P571) ""1150-01-01T00:00:00Z"" at century precision; read as the 12th century (1101–1200), not as a year","1.0.0"
"1149116","built","1101","1200","century","","12th century","1101-01-01T00:00:00Z","7","inception (P571)","Q6415670","Wikidata inception (P571) ""1101-01-01T00:00:00Z"" at century precision; read as the 12th century (1101–1200), not as a year","1.0.0"
"1149116","lost","1539","1539","exact_year","","1539","1539-01-01T00:00:00Z","9","dissolved, abolished or demolished (P576)","Q6415670","Wikidata dissolved, abolished or demolished (P576) ""1539-01-01T00:00:00Z"" at year precision or finer","1.0.0"
"1149123","built","1801","1900","century","","19th century","1801-01-01T00:00:00Z","7","inception (P571)","Q26442049","Wikidata inception (P571) ""1801-01-01T00:00:00Z"" at century precision; read as the 19th century (1801–1900), not as a year","1.0.0"
"1149134","built","1801","1900","century","","19th century","1801-01-01T00:00:00Z","7","inception (P571)","Q26442061","Wikidata inception (P571) ""1801-01-01T00:00:00Z"" at century precision; read as the 19th century (1801–1900), not as a year","1.0.0"
"1149144","built","1801","1900","century","","19th century","1801-01-01T00:00:00Z","7","inception (P571)","Q26442071","Wikidata inception (P571) ""1801-01-01T00:00:00Z"" at century precision; read as the 19th century (1801–1900), not as a year","1.0.0"
"1149191","built","1001","1100","century","","11th century","1050-01-01T00:00:00Z","7","inception (P571)","Q17538330","Wikidata inception (P571) ""1050-01-01T00:00:00Z"" at century precision; read as the 11th century (1001–1100), not as a year","1.0.0"
"1149192","built","1801","1900","century","","19th century","1801-01-01T00:00:00Z","7","inception (P571)","Q26442117","Wikidata inception (P571) ""1801-01-01T00:00:00Z"" at century precision; read as the 19th century (1801–1900), not as a year","1.0.0"
"1149196","built","1101","1200","century","","12th century","1150-01-01T00:00:00Z","7","inception (P571)","Q17538334","Wikidata inception (P571) ""1150-01-01T00:00:00Z"" at century precision; read as the 12th century (1101–1200), not as a year","1.0.0"
"1149213","built","1001","1100","century","","11th century","1001-01-01T00:00:00Z","7","inception (P571)","Q7593293","Wikidata inception (P571) ""1001-01-01T00:00:00Z"" at century precision; read as the 11th century (1001–1100), not as a year","1.0.0"
"1149287","built","1801","1900","century","","19th century","1801-01-01T00:00:00Z","7","inception (P571)","Q26442206","Wikidata inception (P571) ""1801-01-01T00:00:00Z"" at century precision; read as the 19th century (1801–1900), not as a year","1.0.0"
"1149296","built","1862","1862","exact_year","","1862","1862-08-01T00:00:00Z","10","inception (P571)","Q26442214","Wikidata inception (P571) ""1862-08-01T00:00:00Z"" at year precision or finer","1.0.0"
"1149332","built","2001","2100","century","","21st century","2001-01-01T00:00:00Z","7","inception (P571)","Q26442246","Wikidata inception (P571) ""2001-01-01T00:00:00Z"" at century precision; read as the 21st century (2001–2100), not as a year","1.0.0"
"1149369","built","1101","1200","century","","12th century","1150-01-01T00:00:00Z","7","inception (P571)","Q17538354","Wikidata inception (P571) ""1150-01-01T00:00:00Z"" at century precision; read as the 12th century (1101–1200), not as a year","1.0.0"
"1149398","built","1904","1904","exact_year","","1904","1904-01-01T00:00:00Z","9","inception (P571)","Q26442309","Wikidata inception (P571) ""1904-01-01T00:00:00Z"" at year precision or finer","1.0.0"
"1149406","built","1996","1996","exact_year","","1996","1996-01-01T00:00:00Z","9","inception (P571)","Q113370122","Wikidata inception (P571) ""1996-01-01T00:00:00Z"" at year precision or finer","1.0.0"
"1149433","built","1754","1754","exact_year","","1754","1754-01-01T00:00:00Z","9","inception (P571)","Q5611410","Wikidata inception (P571) ""1754-01-01T00:00:00Z"" at year precision or finer","1.0.0"
"1149439","built","1879","1879","exact_year","","1879","1879-04-11T00:00:00Z","11","inception (P571)","Q7842904","Wikidata inception (P571) ""1879-04-11T00:00:00Z"" at year precision or finer","1.0.0"
"1149449","built","1301","1400","century","","14th century","1301-01-01T00:00:00Z","7","inception (P571)","Q15979505","Wikidata inception (P571) ""1301-01-01T00:00:00Z"" at century precision; read as the 14th century (1301–1400), not as a year","1.0.0"
"1149453","event","1900","1900","exact_year","","1900","1900-01-01T00:00:00Z","9","date of official opening (P1619)","Q26442357","Wikidata date of official opening (P1619) ""1900-01-01T00:00:00Z"" at year precision or finer","1.0.0"
"1149482","built","1916","1916","exact_year","","1916","1916-01-01T00:00:00Z","9","inception (P571)","Q7594343","Wikidata inception (P571) ""1916-01-01T00:00:00Z"" at year precision or finer","1.0.0"
"1149509","built","1101","1200","century","","12th century","1150-01-01T00:00:00Z","7","inception (P571)","Q17538361","Wikidata inception (P571) ""1150-01-01T00:00:00Z"" at century precision; read as the 12th century (1101–1200), not as a year","1.0.0"
"1149543","event","1845","1845","exact_year","","1845","1845-01-01T00:00:00Z","9","date of official opening (P1619)","Q2065298","Wikidata date of official opening (P1619) ""1845-01-01T00:00:00Z"" at year precision or finer","1.0.0"
"1149579","built","1801","1900","century","","19th century","1801-01-01T00:00:00Z","7","inception (P571)","Q26442474","Wikidata inception (P571) ""1801-01-01T00:00:00Z"" at century precision; read as the 19th century (1801–1900), not as a year","1.0.0"
"1149591","built","1101","1200","century","","12th century","1150-01-01T00:00:00Z","7","inception (P571)","Q17538374","Wikidata inception (P571) ""1150-01-01T00:00:00Z"" at century precision; read as the 12th century (1101–1200), not as a year","1.0.0"
"1149592","built","1382","1382","exact_year","","1382","1382-01-01T00:00:00Z","9","inception (P571)","Q7494970","Wikidata inception (P571) ""1382-01-01T00:00:00Z"" at year precision or finer","1.0.0"
"1149592","event","1382","1382","exact_year","","1382","1382-01-01T00:00:00Z","9","significant event (P793) — licence to crenellate","Q7494970","Wikidata significant event (P793) — licence to crenellate ""1382-01-01T00:00:00Z"" at year precision or finer","1.0.0"
"1149616","built","1801","1900","century","","19th century","1801-01-01T00:00:00Z","7","inception (P571)","Q26442508","Wikidata inception (P571) ""1801-01-01T00:00:00Z"" at century precision; read as the 19th century (1801–1900), not as a year","1.0.0"
"1149633","built","1801","1900","century","","19th century","1801-01-01T00:00:00Z","7","inception (P571)","Q26442523","Wikidata inception (P571) ""1801-01-01T00:00:00Z"" at century precision; read as the 19th century (1801–1900), not as a year","1.0.0"
"1149664","built","1801","1900","century","","19th century","1801-01-01T00:00:00Z","7","inception (P571)","Q26442552","Wikidata inception (P571) ""1801-01-01T00:00:00Z"" at century precision; read as the 19th century (1801–1900), not as a year","1.0.0"
"1149676","built","1201","1300","century","","13th century","1250-01-01T00:00:00Z","7","inception (P571)","Q17538384","Wikidata inception (P571) ""1250-01-01T00:00:00Z"" at century precision; read as the 13th century (1201–1300), not as a year","1.0.0"
"1149690","built","1877","1877","exact_year","","1877","1877-01-01T00:00:00Z","9","inception (P571)","Q93253994","Wikidata inception (P571) ""1877-01-01T00:00:00Z"" at year precision or finer","1.0.0"
"1149691","built","1877","1877","exact_year","","1877","1877-01-01T00:00:00Z","9","inception (P571)","Q93254030","Wikidata inception (P571) ""1877-01-01T00:00:00Z"" at year precision or finer","1.0.0"
"1149725","lost","1536","1536","exact_year","","1536","1536-01-01T00:00:00Z","9","dissolved, abolished or demolished (P576)","Q26442608","Wikidata dissolved, abolished or demolished (P576) ""1536-01-01T00:00:00Z"" at year precision or finer","1.0.0"
"1149732","built","1701","1800","century","","18th century","1701-01-01T00:00:00Z","7","inception (P571)","Q26442615","Wikidata inception (P571) ""1701-01-01T00:00:00Z"" at century precision; read as the 18th century (1701–1800), not as a year","1.0.0"
"1149740","built","1801","1900","century","","19th century","1801-01-01T00:00:00Z","7","inception (P571)","Q26442623","Wikidata inception (P571) ""1801-01-01T00:00:00Z"" at century precision; read as the 19th century (1801–1900), not as a year","1.0.0"
"1149811","built","1101","1200","century","","12th century","1101-01-01T00:00:00Z","7","inception (P571)","Q540237","Wikidata inception (P571) ""1101-01-01T00:00:00Z"" at century precision; read as the 12th century (1101–1200), not as a year","1.0.0"
"1149811","built","1132","1132","exact_year","","1132","1132-01-01T00:00:00Z","9","inception (P571)","Q540237","Wikidata inception (P571) ""1132-01-01T00:00:00Z"" at year precision or finer","1.0.0"
"1149811","lost","1539","1539","exact_year","","1539","1539-01-01T00:00:00Z","9","dissolved, abolished or demolished (P576)","Q540237","Wikidata dissolved, abolished or demolished (P576) ""1539-01-01T00:00:00Z"" at year precision or finer","1.0.0"
"1149835","associated","410","1484","period","","Middle Ages","Q12554 (Middle Ages)","0","time period (P2348) — Middle Ages","Q17536111","Wikidata time period (P2348) = Q12554 (Middle Ages); classified BROADER_THAN_REGISTRY; spans early_medieval, norman and medieval; kept as a span rather than narrowed to one of them; years from the Whilom period registry, which is a navigation convention","1.0.0"
"1149847","built","1809","1809","exact_year","","1809","1809-01-01T00:00:00Z","9","inception (P571)","Q26442725","Wikidata inception (P571) ""1809-01-01T00:00:00Z"" at year precision or finer","1.0.0"
"1149921","built","1831","1831","exact_year","","1831","1831-01-01T00:00:00Z","9","inception (P571)","Q26442796","Wikidata inception (P571) ""1831-01-01T00:00:00Z"" at year precision or finer","1.0.0"
"1149932","built","1001","1100","century","","11th century","1050-01-01T00:00:00Z","7","inception (P571)","Q7593757","Wikidata inception (P571) ""1050-01-01T00:00:00Z"" at century precision; read as the 11th century (1001–1100), not as a year","1.0.0"
"1149936","built","1801","1900","century","","19th century","1801-01-01T00:00:00Z","7","inception (P571)","Q26442810","Wikidata inception (P571) ""1801-01-01T00:00:00Z"" at century precision; read as the 19th century (1801–1900), not as a year","1.0.0"
"1149949","built","1801","1900","century","","19th century","1801-01-01T00:00:00Z","7","inception (P571)","Q26442823","Wikidata inception (P571) ""1801-01-01T00:00:00Z"" at century precision; read as the 19th century (1801–1900), not as a year","1.0.0"
"1149976","built","1301","1400","century","","14th century","1400-01-01T00:00:00Z","7","inception (P571)","Q7578812","Wikidata inception (P571) ""1400-01-01T00:00:00Z"" at century precision; read as the 14th century (1301–1400), not as a year","1.0.0"
"1149983","built","1801","1900","century","","19th century","1801-01-01T00:00:00Z","7","inception (P571)","Q26442854","Wikidata inception (P571) ""1801-01-01T00:00:00Z"" at century precision; read as the 19th century (1801–1900), not as a year","1.0.0"
"1149984","built","1801","1900","century","","19th century","1801-01-01T00:00:00Z","7","inception (P571)","Q26442855","Wikidata inception (P571) ""1801-01-01T00:00:00Z"" at century precision; read as the 19th century (1801–1900), not as a year","1.0.0"
"1149989","built","1101","1200","century","","12th century","1101-01-01T00:00:00Z","7","inception (P571)","Q7594426","Wikidata inception (P571) ""1101-01-01T00:00:00Z"" at century precision; read as the 12th century (1101–1200), not as a year","1.0.0"
"1149996","built","1746","1746","exact_year","","1746","1746-01-01T00:00:00Z","9","inception (P571)","Q7594178","Wikidata inception (P571) ""1746-01-01T00:00:00Z"" at year precision or finer","1.0.0"
"1150011","built","1801","1900","century","","19th century","1801-01-01T00:00:00Z","7","inception (P571)","Q26442877","Wikidata inception (P571) ""1801-01-01T00:00:00Z"" at century precision; read as the 19th century (1801–1900), not as a year","1.0.0"
"1150036","built","1849","1849","exact_year","","1849","1849-01-01T00:00:00Z","9","inception (P571)","Q23305617","Wikidata inception (P571) ""1849-01-01T00:00:00Z"" at year precision or finer","1.0.0"
"1150043","built","1801","1900","century","","19th century","1801-01-01T00:00:00Z","7","inception (P571)","Q26442905","Wikidata inception (P571) ""1801-01-01T00:00:00Z"" at century precision; read as the 19th century (1801–1900), not as a year","1.0.0"
"1150128","built","1801","1900","century","","19th century","1801-01-01T00:00:00Z","7","inception (P571)","Q26442987","Wikidata inception (P571) ""1801-01-01T00:00:00Z"" at century precision; read as the 19th century (1801–1900), not as a year","1.0.0"
"1150164","built","601","700","century","","7th century","0601-01-01T00:00:00Z","7","inception (P571)","Q638466","Wikidata inception (P571) ""0601-01-01T00:00:00Z"" at century precision; read as the 7th century (601–700), not as a year","1.0.0"
"1150174","built","1701","1800","century","","18th century","1800-01-01T00:00:00Z","7","inception (P571)","Q26443030","Wikidata inception (P571) ""1800-01-01T00:00:00Z"" at century precision; read as the 18th century (1701–1800), not as a year","1.0.0"
"1150175","built","1701","1800","century","","18th century","1800-01-01T00:00:00Z","7","inception (P571)","Q26443031","Wikidata inception (P571) ""1800-01-01T00:00:00Z"" at century precision; read as the 18th century (1701–1800), not as a year","1.0.0"
"1150176","built","1801","1900","century","","19th century","1900-01-01T00:00:00Z","7","inception (P571)","Q26443032","Wikidata inception (P571) ""1900-01-01T00:00:00Z"" at century precision; read as the 19th century (1801–1900), not as a year","1.0.0"
"1150177","built","1801","1900","century","","19th century","1900-01-01T00:00:00Z","7","inception (P571)","Q26443033","Wikidata inception (P571) ""1900-01-01T00:00:00Z"" at century precision; read as the 19th century (1801–1900), not as a year","1.0.0"
"1150178","built","1701","1800","century","","18th century","1800-01-01T00:00:00Z","7","inception (P571)","Q26443034","Wikidata inception (P571) ""1800-01-01T00:00:00Z"" at century precision; read as the 18th century (1701–1800), not as a year","1.0.0"
"1150179","built","1801","1900","century","","19th century","1900-01-01T00:00:00Z","7","inception (P571)","Q26443035","Wikidata inception (P571) ""1900-01-01T00:00:00Z"" at century precision; read as the 19th century (1801–1900), not as a year","1.0.0"
"1150180","built","1801","1900","century","","19th century","1900-01-01T00:00:00Z","7","inception (P571)","Q26443036","Wikidata inception (P571) ""1900-01-01T00:00:00Z"" at century precision; read as the 19th century (1801–1900), not as a year","1.0.0"
"1150181","built","1801","1900","century","","19th century","1900-01-01T00:00:00Z","7","inception (P571)","Q26443037","Wikidata inception (P571) ""1900-01-01T00:00:00Z"" at century precision; read as the 19th century (1801–1900), not as a year","1.0.0"
"1150182","built","1801","1900","century","","19th century","1900-01-01T00:00:00Z","7","inception (P571)","Q26443038","Wikidata inception (P571) ""1900-01-01T00:00:00Z"" at century precision; read as the 19th century (1801–1900), not as a year","1.0.0"
"1150184","built","1826","1826","exact_year","","1826","1826-01-01T00:00:00Z","9","inception (P571)","Q26443040","Wikidata inception (P571) ""1826-01-01T00:00:00Z"" at year precision or finer","1.0.0"
"1150185","built","1501","1600","century","","16th century","1600-01-01T00:00:00Z","7","inception (P571)","Q26443042","Wikidata inception (P571) ""1600-01-01T00:00:00Z"" at century precision; read as the 16th century (1501–1600), not as a year","1.0.0"
"1150186","built","1801","1900","century","","19th century","1900-01-01T00:00:00Z","7","inception (P571)","Q26443043","Wikidata inception (P571) ""1900-01-01T00:00:00Z"" at century precision; read as the 19th century (1801–1900), not as a year","1.0.0"
"1150187","built","1801","1900","century","","19th century","1900-01-01T00:00:00Z","7","inception (P571)","Q26443044","Wikidata inception (P571) ""1900-01-01T00:00:00Z"" at century precision; read as the 19th century (1801–1900), not as a year","1.0.0"
"1150188","built","1701","1800","century","","18th century","1800-01-01T00:00:00Z","7","inception (P571)","Q26443045","Wikidata inception (P571) ""1800-01-01T00:00:00Z"" at century precision; read as the 18th century (1701–1800), not as a year","1.0.0"
"1150189","built","1701","1800","century","","18th century","1800-01-01T00:00:00Z","7","inception (P571)","Q26443046","Wikidata inception (P571) ""1800-01-01T00:00:00Z"" at century precision; read as the 18th century (1701–1800), not as a year","1.0.0"
"1150191","built","1801","1900","century","","19th century","1900-01-01T00:00:00Z","7","inception (P571)","Q26443048","Wikidata inception (P571) ""1900-01-01T00:00:00Z"" at century precision; read as the 19th century (1801–1900), not as a year","1.0.0"
"1150192","built","1701","1800","century","","18th century","1800-01-01T00:00:00Z","7","inception (P571)","Q26443049","Wikidata inception (P571) ""1800-01-01T00:00:00Z"" at century precision; read as the 18th century (1701–1800), not as a year","1.0.0"
"1150193","built","1701","1800","century","","18th century","1800-01-01T00:00:00Z","7","inception (P571)","Q26443050","Wikidata inception (P571) ""1800-01-01T00:00:00Z"" at century precision; read as the 18th century (1701–1800), not as a year","1.0.0"
"1150194","built","1115","1115","exact_year","","1115","1115-01-01T00:00:00Z","9","inception (P571)","Q17538186","Wikidata inception (P571) ""1115-01-01T00:00:00Z"" at year precision or finer","1.0.0"
"1150195","built","1801","1900","century","","19th century","1900-01-01T00:00:00Z","7","inception (P571)","Q26443051","Wikidata inception (P571) ""1900-01-01T00:00:00Z"" at century precision; read as the 19th century (1801–1900), not as a year","1.0.0"
"1150196","built","1701","1800","century","","18th century","1800-01-01T00:00:00Z","7","inception (P571)","Q26443052","Wikidata inception (P571) ""1800-01-01T00:00:00Z"" at century precision; read as the 18th century (1701–1800), not as a year","1.0.0"
"1150197","built","1601","1700","century","","17th century","1700-01-01T00:00:00Z","7","inception (P571)","Q26443053","Wikidata inception (P571) ""1700-01-01T00:00:00Z"" at century precision; read as the 17th century (1601–1700), not as a year","1.0.0"
"1150204","built","1101","1200","century","","12th century","1150-01-01T00:00:00Z","7","inception (P571)","Q17538101","Wikidata inception (P571) ""1150-01-01T00:00:00Z"" at century precision; read as the 12th century (1101–1200), not as a year","1.0.0"
"1150213","built","1801","1900","century","","19th century","1900-01-01T00:00:00Z","7","inception (P571)","Q26443068","Wikidata inception (P571) ""1900-01-01T00:00:00Z"" at century precision; read as the 19th century (1801–1900), not as a year","1.0.0"
"1150216","built","1701","1800","century","","18th century","1800-01-01T00:00:00Z","7","inception (P571)","Q26443071","Wikidata inception (P571) ""1800-01-01T00:00:00Z"" at century precision; read as the 18th century (1701–1800), not as a year","1.0.0"
"1150217","built","1801","1900","century","","19th century","1900-01-01T00:00:00Z","7","inception (P571)","Q26443072","Wikidata inception (P571) ""1900-01-01T00:00:00Z"" at century precision; read as the 19th century (1801–1900), not as a year","1.0.0"
"1150219","built","1801","1900","century","","19th century","1900-01-01T00:00:00Z","7","inception (P571)","Q26443074","Wikidata inception (P571) ""1900-01-01T00:00:00Z"" at century precision; read as the 19th century (1801–1900), not as a year","1.0.0"
"1150220","built","1701","1800","century","","18th century","1800-01-01T00:00:00Z","7","inception (P571)","Q26443075","Wikidata inception (P571) ""1800-01-01T00:00:00Z"" at century precision; read as the 18th century (1701–1800), not as a year","1.0.0"
"1150221","built","1701","1800","century","","18th century","1800-01-01T00:00:00Z","7","inception (P571)","Q26443076","Wikidata inception (P571) ""1800-01-01T00:00:00Z"" at century precision; read as the 18th century (1701–1800), not as a year","1.0.0"
"1150223","built","1801","1900","century","","19th century","1900-01-01T00:00:00Z","7","inception (P571)","Q26443078","Wikidata inception (P571) ""1900-01-01T00:00:00Z"" at century precision; read as the 19th century (1801–1900), not as a year","1.0.0"
"1150224","built","1801","1900","century","","19th century","1900-01-01T00:00:00Z","7","inception (P571)","Q26443079","Wikidata inception (P571) ""1900-01-01T00:00:00Z"" at century precision; read as the 19th century (1801–1900), not as a year","1.0.0"
"1150228","built","1801","1900","century","","19th century","1900-01-01T00:00:00Z","7","inception (P571)","Q26443083","Wikidata inception (P571) ""1900-01-01T00:00:00Z"" at century precision; read as the 19th century (1801–1900), not as a year","1.0.0"
"1150229","built","1701","1800","century","","18th century","1800-01-01T00:00:00Z","7","inception (P571)","Q26443084","Wikidata inception (P571) ""1800-01-01T00:00:00Z"" at century precision; read as the 18th century (1701–1800), not as a year","1.0.0"
"1150236","built","1801","1900","century","","19th century","1900-01-01T00:00:00Z","7","inception (P571)","Q26443091","Wikidata inception (P571) ""1900-01-01T00:00:00Z"" at century precision; read as the 19th century (1801–1900), not as a year","1.0.0"
"1150237","built","1801","1900","century","","19th century","1900-01-01T00:00:00Z","7","inception (P571)","Q26443092","Wikidata inception (P571) ""1900-01-01T00:00:00Z"" at century precision; read as the 19th century (1801–1900), not as a year","1.0.0"
"1150240","built","1301","1400","century","","14th century","1350-01-01T00:00:00Z","7","inception (P571)","Q17538103","Wikidata inception (P571) ""1350-01-01T00:00:00Z"" at century precision; read as the 14th century (1301–1400), not as a year","1.0.0"
"1150262","built","1821","1821","exact_year","","1821","1821-01-01T00:00:00Z","9","inception (P571)","Q17535214","Wikidata inception (P571) ""1821-01-01T00:00:00Z"" at year precision or finer","1.0.0"
"1150284","built","1820","1829","decade","","1820s","1820-01-01T00:00:00Z","8","inception (P571)","Q7594643","Wikidata inception (P571) ""1820-01-01T00:00:00Z"" at decade precision; read as 1820–1829","1.0.0"
"1150296","built","1001","1100","century","","11th century","1050-01-01T00:00:00Z","7","inception (P571)","Q5886548","Wikidata inception (P571) ""1050-01-01T00:00:00Z"" at century precision; read as the 11th century (1001–1100), not as a year","1.0.0"
"1150301","built","1101","1200","century","","12th century","1150-01-01T00:00:00Z","7","inception (P571)","Q17538188","Wikidata inception (P571) ""1150-01-01T00:00:00Z"" at century precision; read as the 12th century (1101–1200), not as a year","1.0.0"
"1150316","built","1843","1843","exact_year","","1843","1843-01-01T00:00:00Z","9","inception (P571)","Q7594413","Wikidata inception (P571) ""1843-01-01T00:00:00Z"" at year precision or finer","1.0.0"
"1150327","built","1400","1400","exact_year","","1400","1400-01-01T00:00:00Z","9","inception (P571)","Q17538193","Wikidata inception (P571) ""1400-01-01T00:00:00Z"" at year precision or finer","1.0.0"
"1150363","built","1801","1900","century","","19th century","1801-01-01T00:00:00Z","7","inception (P571)","Q26443201","Wikidata inception (P571) ""1801-01-01T00:00:00Z"" at century precision; read as the 19th century (1801–1900), not as a year","1.0.0"
"1150369","associated","410","1484","period","","Middle Ages","Q12554 (Middle Ages)","0","time period (P2348) — Middle Ages","Q17642634","Wikidata time period (P2348) = Q12554 (Middle Ages); classified BROADER_THAN_REGISTRY; spans early_medieval, norman and medieval; kept as a span rather than narrowed to one of them; years from the Whilom period registry, which is a navigation convention","1.0.0"
"1150374","built","1801","1900","century","","19th century","1801-01-01T00:00:00Z","7","inception (P571)","Q26443212","Wikidata inception (P571) ""1801-01-01T00:00:00Z"" at century precision; read as the 19th century (1801–1900), not as a year","1.0.0"
"1150406","built","1801","1900","century","","19th century","1801-01-01T00:00:00Z","7","inception (P571)","Q26443244","Wikidata inception (P571) ""1801-01-01T00:00:00Z"" at century precision; read as the 19th century (1801–1900), not as a year","1.0.0"
"1150407","built","1801","1900","century","","19th century","1801-01-01T00:00:00Z","7","inception (P571)","Q26443245","Wikidata inception (P571) ""1801-01-01T00:00:00Z"" at century precision; read as the 19th century (1801–1900), not as a year","1.0.0"
"1150418","built","1801","1900","century","","19th century","1801-01-01T00:00:00Z","7","inception (P571)","Q26443256","Wikidata inception (P571) ""1801-01-01T00:00:00Z"" at century precision; read as the 19th century (1801–1900), not as a year","1.0.0"
"1150423","built","1801","1900","century","","19th century","1801-01-01T00:00:00Z","7","inception (P571)","Q26443261","Wikidata inception (P571) ""1801-01-01T00:00:00Z"" at century precision; read as the 19th century (1801–1900), not as a year","1.0.0"
"1150440","built","1101","1200","century","","12th century","1150-01-01T00:00:00Z","7","inception (P571)","Q17538201","Wikidata inception (P571) ""1150-01-01T00:00:00Z"" at century precision; read as the 12th century (1101–1200), not as a year","1.0.0"
"1150455","built","1701","1800","century","","18th century","1701-01-01T00:00:00Z","7","inception (P571)","Q26443288","Wikidata inception (P571) ""1701-01-01T00:00:00Z"" at century precision; read as the 18th century (1701–1800), not as a year","1.0.0"
"1150558","built","1850","1850","exact_year","","1850","1850-01-01T00:00:00Z","9","inception (P571)","Q26443386","Wikidata inception (P571) ""1850-01-01T00:00:00Z"" at year precision or finer","1.0.0"
"1150659","built","1755","1755","exact_year","","1755","1755-01-01T00:00:00Z","9","inception (P571)","Q26443475","Wikidata inception (P571) ""1755-01-01T00:00:00Z"" at year precision or finer","1.0.0"
"1150720","built","1101","1200","century","","12th century","1101-01-01T00:00:00Z","7","inception (P571)","Q7594280","Wikidata inception (P571) ""1101-01-01T00:00:00Z"" at century precision; read as the 12th century (1101–1200), not as a year","1.0.0"
"1150725","lost","1539","1539","exact_year","","1539","1539-01-01T00:00:00Z","9","dissolved, abolished or demolished (P576)","Q7017185","Wikidata dissolved, abolished or demolished (P576) ""1539-01-01T00:00:00Z"" at year precision or finer","1.0.0"
"1150735","built","1101","1200","century","","12th century","1150-01-01T00:00:00Z","7","inception (P571)","Q17538110","Wikidata inception (P571) ""1150-01-01T00:00:00Z"" at century precision; read as the 12th century (1101–1200), not as a year","1.0.0"
"1150745","built","1801","1900","century","","19th century","1801-01-01T00:00:00Z","7","inception (P571)","Q26443556","Wikidata inception (P571) ""1801-01-01T00:00:00Z"" at century precision; read as the 19th century (1801–1900), not as a year","1.0.0"
"1150748","built","1801","1900","century","","19th century","1801-01-01T00:00:00Z","7","inception (P571)","Q26443559","Wikidata inception (P571) ""1801-01-01T00:00:00Z"" at century precision; read as the 19th century (1801–1900), not as a year","1.0.0"
"1150758","built","1430","1430","exact_year","","1430","1430-01-01T00:00:00Z","9","inception (P571)","Q17538112","Wikidata inception (P571) ""1430-01-01T00:00:00Z"" at year precision or finer","1.0.0"
"1150761","built","1101","1200","century","","12th century","1150-01-01T00:00:00Z","7","inception (P571)","Q17538114","Wikidata inception (P571) ""1150-01-01T00:00:00Z"" at century precision; read as the 12th century (1101–1200), not as a year","1.0.0"
"1150766","built","1201","1300","century","","13th century","1250-01-01T00:00:00Z","7","inception (P571)","Q17538116","Wikidata inception (P571) ""1250-01-01T00:00:00Z"" at century precision; read as the 13th century (1201–1300), not as a year","1.0.0"
"1150775","built","1201","1300","century","","13th century","1250-01-01T00:00:00Z","7","inception (P571)","Q17538124","Wikidata inception (P571) ""1250-01-01T00:00:00Z"" at century precision; read as the 13th century (1201–1300), not as a year","1.0.0"
"1150791","built","1801","1900","century","","19th century","1801-01-01T00:00:00Z","7","inception (P571)","Q26443590","Wikidata inception (P571) ""1801-01-01T00:00:00Z"" at century precision; read as the 19th century (1801–1900), not as a year","1.0.0"
"1150810","associated","410","1484","period","","Middle Ages","Q12554 (Middle Ages)","0","time period (P2348) — Middle Ages","Q26443609","Wikidata time period (P2348) = Q12554 (Middle Ages); classified BROADER_THAN_REGISTRY; spans early_medieval, norman and medieval; kept as a span rather than narrowed to one of them; years from the Whilom period registry, which is a navigation convention","1.0.0"
"1150812","built","1801","1900","century","","19th century","1801-01-01T00:00:00Z","7","inception (P571)","Q26443611","Wikidata inception (P571) ""1801-01-01T00:00:00Z"" at century precision; read as the 19th century (1801–1900), not as a year","1.0.0"
"1150824","built","1781","1781","exact_year","","1781","1781-01-01T00:00:00Z","9","inception (P571)","Q26443621","Wikidata inception (P571) ""1781-01-01T00:00:00Z"" at year precision or finer","1.0.0"
"1150888","built","1101","1200","century","","12th century","1150-01-01T00:00:00Z","7","inception (P571)","Q17538128","Wikidata inception (P571) ""1150-01-01T00:00:00Z"" at century precision; read as the 12th century (1101–1200), not as a year","1.0.0"
"1150903","built","1101","1200","century","","12th century","1150-01-01T00:00:00Z","7","inception (P571)","Q17538131","Wikidata inception (P571) ""1150-01-01T00:00:00Z"" at century precision; read as the 12th century (1101–1200), not as a year","1.0.0"
"1150916","event","1848","1848","exact_year","","1848","1848-01-01T00:00:00Z","9","date of official opening (P1619)","Q6516322","Wikidata date of official opening (P1619) ""1848-01-01T00:00:00Z"" at year precision or finer","1.0.0"
"1150916","event","2003","2003","exact_year","","2003","2003-01-01T00:00:00Z","9","date of official opening (P1619)","Q6516322","Wikidata date of official opening (P1619) ""2003-01-01T00:00:00Z"" at year precision or finer","1.0.0"
"1150973","built","1801","1900","century","","19th century","1801-01-01T00:00:00Z","7","inception (P571)","Q26443760","Wikidata inception (P571) ""1801-01-01T00:00:00Z"" at century precision; read as the 19th century (1801–1900), not as a year","1.0.0"
"1150998","built","1716","1716","exact_year","","1716","1716-01-01T00:00:00Z","9","inception (P571)","Q4888052","Wikidata inception (P571) ""1716-01-01T00:00:00Z"" at year precision or finer","1.0.0"
"1151010","associated","410","1484","period","","Middle Ages","Q12554 (Middle Ages)","0","time period (P2348) — Middle Ages","Q26443795","Wikidata time period (P2348) = Q12554 (Middle Ages); classified BROADER_THAN_REGISTRY; spans early_medieval, norman and medieval; kept as a span rather than narrowed to one of them; years from the Whilom period registry, which is a navigation convention","1.0.0"
"1151205","built","1201","1300","century","","13th century","1250-01-01T00:00:00Z","7","inception (P571)","Q17538133","Wikidata inception (P571) ""1250-01-01T00:00:00Z"" at century precision; read as the 13th century (1201–1300), not as a year","1.0.0"
"1151220","built","1800","1800","exact_year","","1800","1800-01-01T00:00:00Z","9","inception (P571)","Q17535447","Wikidata inception (P571) ""1800-01-01T00:00:00Z"" at year precision or finer","1.0.0"
"1151220","built","1806","1806","exact_year","","1806","1806-01-01T00:00:00Z","9","inception (P571)","Q17535447","Wikidata inception (P571) ""1806-01-01T00:00:00Z"" at year precision or finer","1.0.0"
"1151231","built","1801","1900","century","","19th century","1801-01-01T00:00:00Z","7","inception (P571)","Q26444006","Wikidata inception (P571) ""1801-01-01T00:00:00Z"" at century precision; read as the 19th century (1801–1900), not as a year","1.0.0"
"1151247","built","1801","1900","century","","19th century","1801-01-01T00:00:00Z","7","inception (P571)","Q26444022","Wikidata inception (P571) ""1801-01-01T00:00:00Z"" at century precision; read as the 19th century (1801–1900), not as a year","1.0.0"
"1151271","built","1701","1800","century","","18th century","1800-01-01T00:00:00Z","7","inception (P571)","Q26444047","Wikidata inception (P571) ""1800-01-01T00:00:00Z"" at century precision; read as the 18th century (1701–1800), not as a year","1.0.0"
"1151288","built","1801","1900","century","","19th century","1801-01-01T00:00:00Z","7","inception (P571)","Q26444064","Wikidata inception (P571) ""1801-01-01T00:00:00Z"" at century precision; read as the 19th century (1801–1900), not as a year","1.0.0"
"1151292","built","1801","1900","century","","19th century","1801-01-01T00:00:00Z","7","inception (P571)","Q26444069","Wikidata inception (P571) ""1801-01-01T00:00:00Z"" at century precision; read as the 19th century (1801–1900), not as a year","1.0.0"
"1151296","built","1604","1604","exact_year","","1604","1604-01-01T00:00:00Z","9","inception (P571)","Q26444073","Wikidata inception (P571) ""1604-01-01T00:00:00Z"" at year precision or finer","1.0.0"
"1151297","built","1101","1200","century","","12th century","1150-01-01T00:00:00Z","7","inception (P571)","Q17538145","Wikidata inception (P571) ""1150-01-01T00:00:00Z"" at century precision; read as the 12th century (1101–1200), not as a year","1.0.0"
"1151383","built","1101","1200","century","","12th century","1150-01-01T00:00:00Z","7","inception (P571)","Q17538152","Wikidata inception (P571) ""1150-01-01T00:00:00Z"" at century precision; read as the 12th century (1101–1200), not as a year","1.0.0"
"1151855","event","1878","1878","exact_year","","1878","1878-01-01T00:00:00Z","9","date of official opening (P1619)","Q7796581","Wikidata date of official opening (P1619) ""1878-01-01T00:00:00Z"" at year precision or finer","1.0.0"
"1157310","built","1801","1900","century","","19th century","1801-01-01T00:00:00Z","7","inception (P571)","Q26451096","Wikidata inception (P571) ""1801-01-01T00:00:00Z"" at century precision; read as the 19th century (1801–1900), not as a year","1.0.0"
"1157668","event","1846","1846","exact_year","","1846","1846-01-01T00:00:00Z","9","date of official opening (P1619)","Q7331056","Wikidata date of official opening (P1619) ""1846-01-01T00:00:00Z"" at year precision or finer","1.0.0"
"1157758","built","1801","1900","century","","19th century","1801-01-01T00:00:00Z","7","inception (P571)","Q26451515","Wikidata inception (P571) ""1801-01-01T00:00:00Z"" at century precision; read as the 19th century (1801–1900), not as a year","1.0.0"
"1157773","built","1101","1200","century","","12th century","1150-01-01T00:00:00Z","7","inception (P571)","Q17538267","Wikidata inception (P571) ""1150-01-01T00:00:00Z"" at century precision; read as the 12th century (1101–1200), not as a year","1.0.0"
"1157815","built","1801","1900","century","","19th century","1801-01-01T00:00:00Z","7","inception (P571)","Q26451565","Wikidata inception (P571) ""1801-01-01T00:00:00Z"" at century precision; read as the 19th century (1801–1900), not as a year","1.0.0"
"1160386","built","1801","1900","century","","19th century","1801-01-01T00:00:00Z","7","inception (P571)","Q26454041","Wikidata inception (P571) ""1801-01-01T00:00:00Z"" at century precision; read as the 19th century (1801–1900), not as a year","1.0.0"
"1160460","built","1001","1100","century","","11th century","1050-01-01T00:00:00Z","7","inception (P571)","Q17534085","Wikidata inception (P571) ""1050-01-01T00:00:00Z"" at century precision; read as the 11th century (1001–1100), not as a year","1.0.0"
"1160491","built","1270","1270","exact_year","","1270","1270-01-01T00:00:00Z","9","inception (P571)","Q12060577","Wikidata inception (P571) ""1270-01-01T00:00:00Z"" at year precision or finer","1.0.0"
"1160652","built","1380","1380","exact_year","","1380","1380-01-01T00:00:00Z","9","inception (P571)","Q71969372","Wikidata inception (P571) ""1380-01-01T00:00:00Z"" at year precision or finer","1.0.0"
"1160659","built","1701","1800","century","","18th century","1750-01-01T00:00:00Z","7","inception (P571)","Q26454291","Wikidata inception (P571) ""1750-01-01T00:00:00Z"" at century precision; read as the 18th century (1701–1800), not as a year","1.0.0"
"1160776","built","1101","1200","century","","12th century","1150-01-01T00:00:00Z","7","inception (P571)","Q17534096","Wikidata inception (P571) ""1150-01-01T00:00:00Z"" at century precision; read as the 12th century (1101–1200), not as a year","1.0.0"
"1160841","built","1101","1200","century","","12th century","1150-01-01T00:00:00Z","7","inception (P571)","Q17534111","Wikidata inception (P571) ""1150-01-01T00:00:00Z"" at century precision; read as the 12th century (1101–1200), not as a year","1.0.0"
"1160874","built","1101","1200","century","","12th century","1150-01-01T00:00:00Z","7","inception (P571)","Q17534121","Wikidata inception (P571) ""1150-01-01T00:00:00Z"" at century precision; read as the 12th century (1101–1200), not as a year","1.0.0"
"1160977","built","1132","1132","exact_year","","1132","1132-01-01T00:00:00Z","9","inception (P571)","Q17534133","Wikidata inception (P571) ""1132-01-01T00:00:00Z"" at year precision or finer","1.0.0"
"1161091","built","1101","1200","century","","12th century","1150-01-01T00:00:00Z","7","inception (P571)","Q17534144","Wikidata inception (P571) ""1150-01-01T00:00:00Z"" at century precision; read as the 12th century (1101–1200), not as a year","1.0.0"
"1161659","built","1861","1861","exact_year","","1861","1861-01-01T00:00:00Z","9","inception (P571)","Q8564766","Wikidata inception (P571) ""1861-01-01T00:00:00Z"" at year precision or finer","1.0.0"
"1161766","built","1101","1200","century","","12th century","1150-01-01T00:00:00Z","7","inception (P571)","Q17534168","Wikidata inception (P571) ""1150-01-01T00:00:00Z"" at century precision; read as the 12th century (1101–1200), not as a year","1.0.0"
"1161844","built","1401","1401","exact_year","","1401","1401-01-01T00:00:00Z","9","inception (P571)","Q17534182","Wikidata inception (P571) ""1401-01-01T00:00:00Z"" at year precision or finer","1.0.0"
"1161853","built","1836","1836","exact_year","","1836","1836-01-01T00:00:00Z","9","inception (P571)","Q26455455","Wikidata inception (P571) ""1836-01-01T00:00:00Z"" at year precision or finer","1.0.0"
"1161892","built","1801","1900","century","","19th century","1801-01-01T00:00:00Z","7","inception (P571)","Q26455494","Wikidata inception (P571) ""1801-01-01T00:00:00Z"" at century precision; read as the 19th century (1801–1900), not as a year","1.0.0"
"1161899","built","1101","1200","century","","12th century","1150-01-01T00:00:00Z","7","inception (P571)","Q17534193","Wikidata inception (P571) ""1150-01-01T00:00:00Z"" at century precision; read as the 12th century (1101–1200), not as a year","1.0.0"
"1161899","lost","1539","1539","exact_year","","1539","1539-01-01T00:00:00Z","9","dissolved, abolished or demolished (P576)","Q17534193","Wikidata dissolved, abolished or demolished (P576) ""1539-01-01T00:00:00Z"" at year precision or finer","1.0.0"
"1161938","built","1101","1200","century","","12th century","1150-01-01T00:00:00Z","7","inception (P571)","Q17534206","Wikidata inception (P571) ""1150-01-01T00:00:00Z"" at century precision; read as the 12th century (1101–1200), not as a year","1.0.0"
"1161980","built","1801","1900","century","","19th century","1801-01-01T00:00:00Z","7","inception (P571)","Q26455584","Wikidata inception (P571) ""1801-01-01T00:00:00Z"" at century precision; read as the 19th century (1801–1900), not as a year","1.0.0"
"1162006","built","1101","1200","century","","12th century","1150-01-01T00:00:00Z","7","inception (P571)","Q5116800","Wikidata inception (P571) ""1150-01-01T00:00:00Z"" at century precision; read as the 12th century (1101–1200), not as a year","1.0.0"
"1162021","built","1801","1900","century","","19th century","1801-01-01T00:00:00Z","7","inception (P571)","Q26455621","Wikidata inception (P571) ""1801-01-01T00:00:00Z"" at century precision; read as the 19th century (1801–1900), not as a year","1.0.0"
"1162045","built","1801","1900","century","","19th century","1801-01-01T00:00:00Z","7","inception (P571)","Q26455643","Wikidata inception (P571) ""1801-01-01T00:00:00Z"" at century precision; read as the 19th century (1801–1900), not as a year","1.0.0"
"1162085","built","1101","1200","century","","12th century","1150-01-01T00:00:00Z","7","inception (P571)","Q17534216","Wikidata inception (P571) ""1150-01-01T00:00:00Z"" at century precision; read as the 12th century (1101–1200), not as a year","1.0.0"
"1162096","built","1101","1200","century","","12th century","1150-01-01T00:00:00Z","7","inception (P571)","Q17534230","Wikidata inception (P571) ""1150-01-01T00:00:00Z"" at century precision; read as the 12th century (1101–1200), not as a year","1.0.0"
"1162300","built","1814","1814","exact_year","","1814","1814-01-01T00:00:00Z","9","inception (P571)","Q17554942","Wikidata inception (P571) ""1814-01-01T00:00:00Z"" at year precision or finer","1.0.0"
"1162310","built","1806","1806","exact_year","","1806","1806-01-01T00:00:00Z","9","inception (P571)","Q3739780","Wikidata inception (P571) ""1806-01-01T00:00:00Z"" at year precision or finer","1.0.0"
"1162387","built","1101","1200","century","","12th century","1150-01-01T00:00:00Z","7","inception (P571)","Q17534242","Wikidata inception (P571) ""1150-01-01T00:00:00Z"" at century precision; read as the 12th century (1101–1200), not as a year","1.0.0"
"1162565","built","1409","1409","exact_year","","1409","1409-01-01T00:00:00Z","9","inception (P571)","Q13217684","Wikidata inception (P571) ""1409-01-01T00:00:00Z"" at year precision or finer","1.0.0"
"1162693","built","1101","1200","century","","12th century","1150-01-01T00:00:00Z","7","inception (P571)","Q17534252","Wikidata inception (P571) ""1150-01-01T00:00:00Z"" at century precision; read as the 12th century (1101–1200), not as a year","1.0.0"
"1164550","event","1846","1846","exact_year","","1846","1846-01-01T00:00:00Z","9","date of official opening (P1619)","Q522656","Wikidata date of official opening (P1619) ""1846-01-01T00:00:00Z"" at year precision or finer","1.0.0"
"1166679","built","1801","1900","century","","19th century","1801-01-01T00:00:00Z","7","inception (P571)","Q26460151","Wikidata inception (P571) ""1801-01-01T00:00:00Z"" at century precision; read as the 19th century (1801–1900), not as a year","1.0.0"
"1166716","built","1801","1900","century","","19th century","1801-01-01T00:00:00Z","7","inception (P571)","Q26460185","Wikidata inception (P571) ""1801-01-01T00:00:00Z"" at century precision; read as the 19th century (1801–1900), not as a year","1.0.0"
"1166878","built","1828","1828","exact_year","","1828","1828-01-01T00:00:00Z","9","inception (P571)","Q26460338","Wikidata inception (P571) ""1828-01-01T00:00:00Z"" at year precision or finer","1.0.0"
"1167040","built","1871","1871","exact_year","","1871","1871-01-01T00:00:00Z","9","inception (P571)","Q7593444","Wikidata inception (P571) ""1871-01-01T00:00:00Z"" at year precision or finer","1.0.0"
"1167104","built","1801","1900","century","","19th century","1801-01-01T00:00:00Z","7","inception (P571)","Q26460561","Wikidata inception (P571) ""1801-01-01T00:00:00Z"" at century precision; read as the 19th century (1801–1900), not as a year","1.0.0"
"1167455","built","1801","1900","century","","19th century","1801-01-01T00:00:00Z","7","inception (P571)","Q26460909","Wikidata inception (P571) ""1801-01-01T00:00:00Z"" at century precision; read as the 19th century (1801–1900), not as a year","1.0.0"
"1167492","built","1801","1900","century","","19th century","1801-01-01T00:00:00Z","7","inception (P571)","Q26460941","Wikidata inception (P571) ""1801-01-01T00:00:00Z"" at century precision; read as the 19th century (1801–1900), not as a year","1.0.0"
"1167495","built","1801","1900","century","","19th century","1801-01-01T00:00:00Z","7","inception (P571)","Q26460945","Wikidata inception (P571) ""1801-01-01T00:00:00Z"" at century precision; read as the 19th century (1801–1900), not as a year","1.0.0"
"1167565","built","1701","1800","century","","18th century","1701-01-01T00:00:00Z","7","inception (P571)","Q26461016","Wikidata inception (P571) ""1701-01-01T00:00:00Z"" at century precision; read as the 18th century (1701–1800), not as a year","1.0.0"
"1167736","built","1801","1900","century","","19th century","1801-01-01T00:00:00Z","7","inception (P571)","Q26461167","Wikidata inception (P571) ""1801-01-01T00:00:00Z"" at century precision; read as the 19th century (1801–1900), not as a year","1.0.0"
"1167853","event","1846","1846","exact_year","","1846","1846-01-01T00:00:00Z","9","date of official opening (P1619)","Q2297337","Wikidata date of official opening (P1619) ""1846-01-01T00:00:00Z"" at year precision or finer","1.0.0"
"1167956","associated","410","1484","period","","Middle Ages","Q12554 (Middle Ages)","0","time period (P2348) — Middle Ages","Q26461374","Wikidata time period (P2348) = Q12554 (Middle Ages); classified BROADER_THAN_REGISTRY; spans early_medieval, norman and medieval; kept as a span rather than narrowed to one of them; years from the Whilom period registry, which is a navigation convention","1.0.0"
"1167994","built","1801","1900","century","","19th century","1801-01-01T00:00:00Z","7","inception (P571)","Q26461409","Wikidata inception (P571) ""1801-01-01T00:00:00Z"" at century precision; read as the 19th century (1801–1900), not as a year","1.0.0"
"1168016","built","1001","1100","century","","11th century","1050-01-01T00:00:00Z","7","inception (P571)","Q17526317","Wikidata inception (P571) ""1050-01-01T00:00:00Z"" at century precision; read as the 11th century (1001–1100), not as a year","1.0.0"
"1172821","built","1701","1800","century","","18th century","1701-01-01T00:00:00Z","7","inception (P571)","Q26467588","Wikidata inception (P571) ""1701-01-01T00:00:00Z"" at century precision; read as the 18th century (1701–1800), not as a year","1.0.0"
"1172847","associated","410","1484","period","","Middle Ages","Q12554 (Middle Ages)","0","time period (P2348) — Middle Ages","Q17676362","Wikidata time period (P2348) = Q12554 (Middle Ages); classified BROADER_THAN_REGISTRY; spans early_medieval, norman and medieval; kept as a span rather than narrowed to one of them; years from the Whilom period registry, which is a navigation convention","1.0.0"
"1172851","built","1101","1200","century","","12th century","1150-01-01T00:00:00Z","7","inception (P571)","Q17526132","Wikidata inception (P571) ""1150-01-01T00:00:00Z"" at century precision; read as the 12th century (1101–1200), not as a year","1.0.0"
"1173002","associated","410","1484","period","","Middle Ages","Q12554 (Middle Ages)","0","time period (P2348) — Middle Ages","Q17676722","Wikidata time period (P2348) = Q12554 (Middle Ages); classified BROADER_THAN_REGISTRY; spans early_medieval, norman and medieval; kept as a span rather than narrowed to one of them; years from the Whilom period registry, which is a navigation convention","1.0.0"
"1173325","built","1130","1139","decade","","1130s","1130-01-01T00:00:00Z","8","inception (P571)","Q26268184","Wikidata inception (P571) ""1130-01-01T00:00:00Z"" at decade precision; read as 1130–1139","1.0.0"
"1173339","built","1801","1900","century","","19th century","1801-01-01T00:00:00Z","7","inception (P571)","Q26468109","Wikidata inception (P571) ""1801-01-01T00:00:00Z"" at century precision; read as the 19th century (1801–1900), not as a year","1.0.0"
"1173343","built","1101","1200","century","","12th century","1101-01-01T00:00:00Z","7","inception (P571)","Q5117057","Wikidata inception (P571) ""1101-01-01T00:00:00Z"" at century precision; read as the 12th century (1101–1200), not as a year","1.0.0"
"1173545","built","1863","1863","exact_year","","1863","1863-01-01T00:00:00Z","9","inception (P571)","Q17525534","Wikidata inception (P571) ""1863-01-01T00:00:00Z"" at year precision or finer","1.0.0"
"1173551","built","1801","1900","century","","19th century","1801-01-01T00:00:00Z","7","inception (P571)","Q26468303","Wikidata inception (P571) ""1801-01-01T00:00:00Z"" at century precision; read as the 19th century (1801–1900), not as a year","1.0.0"
"1173570","built","1801","1900","century","","19th century","1801-01-01T00:00:00Z","7","inception (P571)","Q26468321","Wikidata inception (P571) ""1801-01-01T00:00:00Z"" at century precision; read as the 19th century (1801–1900), not as a year","1.0.0"
"1173602","built","1801","1900","century","","19th century","1801-01-01T00:00:00Z","7","inception (P571)","Q26468353","Wikidata inception (P571) ""1801-01-01T00:00:00Z"" at century precision; read as the 19th century (1801–1900), not as a year","1.0.0"
"1173620","built","1801","1900","century","","19th century","1801-01-01T00:00:00Z","7","inception (P571)","Q26468370","Wikidata inception (P571) ""1801-01-01T00:00:00Z"" at century precision; read as the 19th century (1801–1900), not as a year","1.0.0"
"1173834","event","1862","1862","exact_year","","1862","1862-04-23T00:00:00Z","11","date of official opening (P1619)","Q17536405","Wikidata date of official opening (P1619) ""1862-04-23T00:00:00Z"" at year precision or finer","1.0.0"
"1173834","built","1862","1862","exact_year","","1862","1862-01-01T00:00:00Z","9","inception (P571)","Q17536405","Wikidata inception (P571) ""1862-01-01T00:00:00Z"" at year precision or finer","1.0.0"
"1173835","built","1333","1333","exact_year","","1333","1333-01-01T00:00:00Z","9","inception (P571)","Q17538210","Wikidata inception (P571) ""1333-01-01T00:00:00Z"" at year precision or finer","1.0.0"
"1173853","built","1801","1900","century","","19th century","1801-01-01T00:00:00Z","7","inception (P571)","Q26468594","Wikidata inception (P571) ""1801-01-01T00:00:00Z"" at century precision; read as the 19th century (1801–1900), not as a year","1.0.0"
"1173967","built","1101","1200","century","","12th century","1150-01-01T00:00:00Z","7","inception (P571)","Q17538213","Wikidata inception (P571) ""1150-01-01T00:00:00Z"" at century precision; read as the 12th century (1101–1200), not as a year","1.0.0"
"1174188","associated","410","1484","period","","Middle Ages","Q12554 (Middle Ages)","0","time period (P2348) — Middle Ages","Q26468903","Wikidata time period (P2348) = Q12554 (Middle Ages); classified BROADER_THAN_REGISTRY; spans early_medieval, norman and medieval; kept as a span rather than narrowed to one of them; years from the Whilom period registry, which is a navigation convention","1.0.0"
"1174261","built","1801","1900","century","","19th century","1801-01-01T00:00:00Z","7","inception (P571)","Q26468968","Wikidata inception (P571) ""1801-01-01T00:00:00Z"" at century precision; read as the 19th century (1801–1900), not as a year","1.0.0"
"1174269","built","1845","1845","exact_year","","1845","1845-01-01T00:00:00Z","9","inception (P571)","Q26468975","Wikidata inception (P571) ""1845-01-01T00:00:00Z"" at year precision or finer","1.0.0"
"1174297","built","1801","1900","century","","19th century","1801-01-01T00:00:00Z","7","inception (P571)","Q26469000","Wikidata inception (P571) ""1801-01-01T00:00:00Z"" at century precision; read as the 19th century (1801–1900), not as a year","1.0.0"
"1174317","built","1001","1100","century","","11th century","1050-01-01T00:00:00Z","7","inception (P571)","Q17525553","Wikidata inception (P571) ""1050-01-01T00:00:00Z"" at century precision; read as the 11th century (1001–1100), not as a year","1.0.0"
"1174450","built","1801","1900","century","","19th century","1801-01-01T00:00:00Z","7","inception (P571)","Q26469135","Wikidata inception (P571) ""1801-01-01T00:00:00Z"" at century precision; read as the 19th century (1801–1900), not as a year","1.0.0"
"1174461","built","1101","1200","century","","12th century","1150-01-01T00:00:00Z","7","inception (P571)","Q17538217","Wikidata inception (P571) ""1150-01-01T00:00:00Z"" at century precision; read as the 12th century (1101–1200), not as a year","1.0.0"
"1174500","built","1101","1200","century","","12th century","1150-01-01T00:00:00Z","7","inception (P571)","Q17525559","Wikidata inception (P571) ""1150-01-01T00:00:00Z"" at century precision; read as the 12th century (1101–1200), not as a year","1.0.0"
"1174558","built","1378","1378","exact_year","","1378","1378-01-01T00:00:00Z","9","inception (P571)","Q5055225","Wikidata inception (P571) ""1378-01-01T00:00:00Z"" at year precision or finer","1.0.0"
"1174558","event","1272","1272","exact_year","","1272","1272-01-01T00:00:00Z","9","significant event (P793) — licence to crenellate","Q5055225","Wikidata significant event (P793) — licence to crenellate ""1272-01-01T00:00:00Z"" at year precision or finer","1.0.0"
"1174612","built","1801","1900","century","","19th century","1801-01-01T00:00:00Z","7","inception (P571)","Q26469282","Wikidata inception (P571) ""1801-01-01T00:00:00Z"" at century precision; read as the 19th century (1801–1900), not as a year","1.0.0"
"1174776","built","1201","1300","century","","13th century","1250-01-01T00:00:00Z","7","inception (P571)","Q17526333","Wikidata inception (P571) ""1250-01-01T00:00:00Z"" at century precision; read as the 13th century (1201–1300), not as a year","1.0.0"
"1174942","built","1801","1900","century","","19th century","1801-01-01T00:00:00Z","7","inception (P571)","Q26469596","Wikidata inception (P571) ""1801-01-01T00:00:00Z"" at century precision; read as the 19th century (1801–1900), not as a year","1.0.0"
"1174951","built","1801","1900","century","","19th century","1801-01-01T00:00:00Z","7","inception (P571)","Q26469604","Wikidata inception (P571) ""1801-01-01T00:00:00Z"" at century precision; read as the 19th century (1801–1900), not as a year","1.0.0"
"1175104","built","1801","1900","century","","19th century","1801-01-01T00:00:00Z","7","inception (P571)","Q26469749","Wikidata inception (P571) ""1801-01-01T00:00:00Z"" at century precision; read as the 19th century (1801–1900), not as a year","1.0.0"
"1175226","built","1385","1385","exact_year","","1385","1385-01-01T00:00:00Z","9","inception (P571)","Q4185868","Wikidata inception (P571) ""1385-01-01T00:00:00Z"" at year precision or finer","1.0.0"
"1175226","built","1988","1988","exact_year","","1988","1988-01-01T00:00:00Z","9","inception (P571)","Q4185868","Wikidata inception (P571) ""1988-01-01T00:00:00Z"" at year precision or finer","1.0.0"
"1175428","associated","410","1484","period","","Middle Ages","Q12554 (Middle Ages)","0","time period (P2348) — Middle Ages","Q26493751","Wikidata time period (P2348) = Q12554 (Middle Ages); classified BROADER_THAN_REGISTRY; spans early_medieval, norman and medieval; kept as a span rather than narrowed to one of them; years from the Whilom period registry, which is a navigation convention","1.0.0"
"1175527","built","1101","1200","century","","12th century","1150-01-01T00:00:00Z","7","inception (P571)","Q17525573","Wikidata inception (P571) ""1150-01-01T00:00:00Z"" at century precision; read as the 12th century (1101–1200), not as a year","1.0.0"
"1175659","built","1101","1200","century","","12th century","1101-01-01T00:00:00Z","7","inception (P571)","Q7595304","Wikidata inception (P571) ""1101-01-01T00:00:00Z"" at century precision; read as the 12th century (1101–1200), not as a year","1.0.0"
"1175659","built","1301","1400","century","","14th century","1301-01-01T00:00:00Z","7","inception (P571)","Q7595304","Wikidata inception (P571) ""1301-01-01T00:00:00Z"" at century precision; read as the 14th century (1301–1400), not as a year","1.0.0"
"1175690","built","1801","1900","century","","19th century","1801-01-01T00:00:00Z","7","inception (P571)","Q26470168","Wikidata inception (P571) ""1801-01-01T00:00:00Z"" at century precision; read as the 19th century (1801–1900), not as a year","1.0.0"
"1175724","built","1132","1132","exact_year","","1132","1132-03-12T00:00:00Z","11","inception (P571)","Q1247496","Wikidata inception (P571) ""1132-03-12T00:00:00Z"" at year precision or finer","1.0.0"
"1175724","lost","1538","1538","exact_year","","1538","1538-01-01T00:00:00Z","9","dissolved, abolished or demolished (P576)","Q1247496","Wikidata dissolved, abolished or demolished (P576) ""1538-01-01T00:00:00Z"" at year precision or finer","1.0.0"
"1175806","built","2001","2100","century","","21st century","2001-01-01T00:00:00Z","7","inception (P571)","Q26470281","Wikidata inception (P571) ""2001-01-01T00:00:00Z"" at century precision; read as the 21st century (2001–2100), not as a year","1.0.0"
"1178588","built","1302","1302","exact_year","","1302","1302-01-01T00:00:00Z","9","inception (P571)","Q17526147","Wikidata inception (P571) ""1302-01-01T00:00:00Z"" at year precision or finer","1.0.0"
"1178825","built","1701","1800","century","","18th century","1701-01-01T00:00:00Z","7","inception (P571)","Q17648912","Wikidata inception (P571) ""1701-01-01T00:00:00Z"" at century precision; read as the 18th century (1701–1800), not as a year","1.0.0"
"1178910","built","1101","1200","century","","12th century","1101-01-01T00:00:00Z","7","inception (P571)","Q425711","Wikidata inception (P571) ""1101-01-01T00:00:00Z"" at century precision; read as the 12th century (1101–1200), not as a year","1.0.0"
"1178910","lost","1536","1536","exact_year","","1536","1536-01-01T00:00:00Z","9","dissolved, abolished or demolished (P576)","Q425711","Wikidata dissolved, abolished or demolished (P576) ""1536-01-01T00:00:00Z"" at year precision or finer","1.0.0"
"1178994","built","1856","1856","exact_year","","1856","1856-01-01T00:00:00Z","9","inception (P571)","Q26473677","Wikidata inception (P571) ""1856-01-01T00:00:00Z"" at year precision or finer","1.0.0"
"1179219","built","1701","1800","century","","18th century","1701-01-01T00:00:00Z","7","inception (P571)","Q26473884","Wikidata inception (P571) ""1701-01-01T00:00:00Z"" at century precision; read as the 18th century (1701–1800), not as a year","1.0.0"
"1179219","built","1801","1900","century","","19th century","1801-01-01T00:00:00Z","7","inception (P571)","Q26473884","Wikidata inception (P571) ""1801-01-01T00:00:00Z"" at century precision; read as the 19th century (1801–1900), not as a year","1.0.0"
"1179353","built","1801","1900","century","","19th century","1801-01-01T00:00:00Z","7","inception (P571)","Q26474014","Wikidata inception (P571) ""1801-01-01T00:00:00Z"" at century precision; read as the 19th century (1801–1900), not as a year","1.0.0"
"1179485","built","1101","1200","century","","12th century","1150-01-01T00:00:00Z","7","inception (P571)","Q17538268","Wikidata inception (P571) ""1150-01-01T00:00:00Z"" at century precision; read as the 12th century (1101–1200), not as a year","1.0.0"
"1179526","built","1801","1900","century","","19th century","1801-01-01T00:00:00Z","7","inception (P571)","Q26474233","Wikidata inception (P571) ""1801-01-01T00:00:00Z"" at century precision; read as the 19th century (1801–1900), not as a year","1.0.0"
"1179632","built","1801","1900","century","","19th century","1801-01-01T00:00:00Z","7","inception (P571)","Q26474424","Wikidata inception (P571) ""1801-01-01T00:00:00Z"" at century precision; read as the 19th century (1801–1900), not as a year","1.0.0"
"1179762","built","1001","1100","century","","11th century","1050-01-01T00:00:00Z","7","inception (P571)","Q17538276","Wikidata inception (P571) ""1050-01-01T00:00:00Z"" at century precision; read as the 11th century (1001–1100), not as a year","1.0.0"
"1183499","built","1801","1900","century","","19th century","1801-01-01T00:00:00Z","7","inception (P571)","Q26478742","Wikidata inception (P571) ""1801-01-01T00:00:00Z"" at century precision; read as the 19th century (1801–1900), not as a year","1.0.0"
"1183594","built","1801","1900","century","","19th century","1801-01-01T00:00:00Z","7","inception (P571)","Q26478829","Wikidata inception (P571) ""1801-01-01T00:00:00Z"" at century precision; read as the 19th century (1801–1900), not as a year","1.0.0"
"1183783","built","1847","1847","exact_year","","1847","1847-01-01T00:00:00Z","9","inception (P571)","Q26479049","Wikidata inception (P571) ""1847-01-01T00:00:00Z"" at year precision or finer","1.0.0"
"1183965","built","1870","1870","exact_year","","1870","1870-01-01T00:00:00Z","9","inception (P571)","Q26479267","Wikidata inception (P571) ""1870-01-01T00:00:00Z"" at year precision or finer","1.0.0"
"1184016","built","1801","1900","century","","19th century","1801-01-01T00:00:00Z","7","inception (P571)","Q26479321","Wikidata inception (P571) ""1801-01-01T00:00:00Z"" at century precision; read as the 19th century (1801–1900), not as a year","1.0.0"
"1184213","built","1801","1900","century","","19th century","1801-01-01T00:00:00Z","7","inception (P571)","Q26479535","Wikidata inception (P571) ""1801-01-01T00:00:00Z"" at century precision; read as the 19th century (1801–1900), not as a year","1.0.0"
"1184393","built","1201","1300","century","","13th century","1250-01-01T00:00:00Z","7","inception (P571)","Q17527236","Wikidata inception (P571) ""1250-01-01T00:00:00Z"" at century precision; read as the 13th century (1201–1300), not as a year","1.0.0"
"1184443","built","1801","1900","century","","19th century","1801-01-01T00:00:00Z","7","inception (P571)","Q26479767","Wikidata inception (P571) ""1801-01-01T00:00:00Z"" at century precision; read as the 19th century (1801–1900), not as a year","1.0.0"
"1184604","built","1896","1896","exact_year","","1896","1896-01-01T00:00:00Z","9","inception (P571)","Q26479933","Wikidata inception (P571) ""1896-01-01T00:00:00Z"" at year precision or finer","1.0.0"
"1184674","associated","410","1484","period","","Middle Ages","Q12554 (Middle Ages)","0","time period (P2348) — Middle Ages","Q26480002","Wikidata time period (P2348) = Q12554 (Middle Ages); classified BROADER_THAN_REGISTRY; spans early_medieval, norman and medieval; kept as a span rather than narrowed to one of them; years from the Whilom period registry, which is a navigation convention","1.0.0"
"1184999","built","1801","1900","century","","19th century","1801-01-01T00:00:00Z","7","inception (P571)","Q26480307","Wikidata inception (P571) ""1801-01-01T00:00:00Z"" at century precision; read as the 19th century (1801–1900), not as a year","1.0.0"
"1185183","built","1801","1900","century","","19th century","1801-01-01T00:00:00Z","7","inception (P571)","Q26480494","Wikidata inception (P571) ""1801-01-01T00:00:00Z"" at century precision; read as the 19th century (1801–1900), not as a year","1.0.0"
"1185558","built","1601","1700","century","","17th century","1700-01-01T00:00:00Z","7","inception (P571)","Q26480876","Wikidata inception (P571) ""1700-01-01T00:00:00Z"" at century precision; read as the 17th century (1601–1700), not as a year","1.0.0"
"1185947","built","1101","1200","century","","12th century","1150-01-01T00:00:00Z","7","inception (P571)","Q17530684","Wikidata inception (P571) ""1150-01-01T00:00:00Z"" at century precision; read as the 12th century (1101–1200), not as a year","1.0.0"
"1187332","associated","410","1484","period","","Middle Ages","Q12554 (Middle Ages)","0","time period (P2348) — Middle Ages","Q26482549","Wikidata time period (P2348) = Q12554 (Middle Ages); classified BROADER_THAN_REGISTRY; spans early_medieval, norman and medieval; kept as a span rather than narrowed to one of them; years from the Whilom period registry, which is a navigation convention","1.0.0"
"1188762","built","1801","1900","century","","19th century","1801-01-01T00:00:00Z","7","inception (P571)","Q26483879","Wikidata inception (P571) ""1801-01-01T00:00:00Z"" at century precision; read as the 19th century (1801–1900), not as a year","1.0.0"
"1189032","associated","410","1484","period","","Middle Ages","Q12554 (Middle Ages)","0","time period (P2348) — Middle Ages","Q26484132","Wikidata time period (P2348) = Q12554 (Middle Ages); classified BROADER_THAN_REGISTRY; spans early_medieval, norman and medieval; kept as a span rather than narrowed to one of them; years from the Whilom period registry, which is a navigation convention","1.0.0"
"1189430","built","1848","1848","exact_year","","1848","1848-01-01T00:00:00Z","9","inception (P571)","Q4732134","Wikidata inception (P571) ""1848-01-01T00:00:00Z"" at year precision or finer","1.0.0"
"1189514","built","1801","1900","century","","19th century","1801-01-01T00:00:00Z","7","inception (P571)","Q26484590","Wikidata inception (P571) ""1801-01-01T00:00:00Z"" at century precision; read as the 19th century (1801–1900), not as a year","1.0.0"
"1189518","built","1801","1900","century","","19th century","1801-01-01T00:00:00Z","7","inception (P571)","Q26484594","Wikidata inception (P571) ""1801-01-01T00:00:00Z"" at century precision; read as the 19th century (1801–1900), not as a year","1.0.0"
"1189527","built","1801","1900","century","","19th century","1801-01-01T00:00:00Z","7","inception (P571)","Q26484604","Wikidata inception (P571) ""1801-01-01T00:00:00Z"" at century precision; read as the 19th century (1801–1900), not as a year","1.0.0"
"1189723","event","1848","1848","exact_year","","1848","1848-01-01T00:00:00Z","9","date of official opening (P1619)","Q5185666","Wikidata date of official opening (P1619) ""1848-01-01T00:00:00Z"" at year precision or finer","1.0.0"
"1189740","built","1801","1900","century","","19th century","1801-01-01T00:00:00Z","7","inception (P571)","Q26484805","Wikidata inception (P571) ""1801-01-01T00:00:00Z"" at century precision; read as the 19th century (1801–1900), not as a year","1.0.0"
"1189773","built","1909","1909","exact_year","","1909","1909-01-01T00:00:00Z","9","inception (P571)","Q7595646","Wikidata inception (P571) ""1909-01-01T00:00:00Z"" at year precision or finer","1.0.0"
"1190293","built","901","1000","century","","10th century","0950-01-01T00:00:00Z","7","inception (P571)","Q17538220","Wikidata inception (P571) ""0950-01-01T00:00:00Z"" at century precision; read as the 10th century (901–1000), not as a year","1.0.0"
"1190452","built","1801","1900","century","","19th century","1801-01-01T00:00:00Z","7","inception (P571)","Q26494050","Wikidata inception (P571) ""1801-01-01T00:00:00Z"" at century precision; read as the 19th century (1801–1900), not as a year","1.0.0"
"1190466","built","1801","1900","century","","19th century","1801-01-01T00:00:00Z","7","inception (P571)","Q26494063","Wikidata inception (P571) ""1801-01-01T00:00:00Z"" at century precision; read as the 19th century (1801–1900), not as a year","1.0.0"
"1190565","built","1801","1900","century","","19th century","1801-01-01T00:00:00Z","7","inception (P571)","Q26485319","Wikidata inception (P571) ""1801-01-01T00:00:00Z"" at century precision; read as the 19th century (1801–1900), not as a year","1.0.0"
"1190596","built","1801","1900","century","","19th century","1801-01-01T00:00:00Z","7","inception (P571)","Q26485349","Wikidata inception (P571) ""1801-01-01T00:00:00Z"" at century precision; read as the 19th century (1801–1900), not as a year","1.0.0"
"1190849","built","1801","1900","century","","19th century","1801-01-01T00:00:00Z","7","inception (P571)","Q26485597","Wikidata inception (P571) ""1801-01-01T00:00:00Z"" at century precision; read as the 19th century (1801–1900), not as a year","1.0.0"
"1190942","built","1101","1200","century","","12th century","1150-01-01T00:00:00Z","7","inception (P571)","Q17538222","Wikidata inception (P571) ""1150-01-01T00:00:00Z"" at century precision; read as the 12th century (1101–1200), not as a year","1.0.0"
"1190943","built","1801","1900","century","","19th century","1801-01-01T00:00:00Z","7","inception (P571)","Q26485698","Wikidata inception (P571) ""1801-01-01T00:00:00Z"" at century precision; read as the 19th century (1801–1900), not as a year","1.0.0"
"1191336","built","1801","1900","century","","19th century","1801-01-01T00:00:00Z","7","inception (P571)","Q26486073","Wikidata inception (P571) ""1801-01-01T00:00:00Z"" at century precision; read as the 19th century (1801–1900), not as a year","1.0.0"
"1191384","built","1401","1500","century","","15th century","1401-01-01T00:00:00Z","7","inception (P571)","Q7594193","Wikidata inception (P571) ""1401-01-01T00:00:00Z"" at century precision; read as the 15th century (1401–1500), not as a year","1.0.0"
"1191578","built","1801","1900","century","","19th century","1801-01-01T00:00:00Z","7","inception (P571)","Q26486294","Wikidata inception (P571) ""1801-01-01T00:00:00Z"" at century precision; read as the 19th century (1801–1900), not as a year","1.0.0"
"1197606","built","1897","1897","exact_year","","1897","1897-01-01T00:00:00Z","9","inception (P571)","Q7594960","Wikidata inception (P571) ""1897-01-01T00:00:00Z"" at year precision or finer","1.0.0"
"1197606","built","2015","2015","exact_year","","2015","2015-08-01T00:00:00Z","11","inception (P571)","Q7594960","Wikidata inception (P571) ""2015-08-01T00:00:00Z"" at year precision or finer","1.0.0"
"1197627","built","1896","1896","exact_year","","1896","1896-01-01T00:00:00Z","9","inception (P571)","Q26492081","Wikidata inception (P571) ""1896-01-01T00:00:00Z"" at year precision or finer","1.0.0"
"1197647","built","1846","1846","exact_year","","1846","1846-01-01T00:00:00Z","9","inception (P571)","Q7769791","Wikidata inception (P571) ""1846-01-01T00:00:00Z"" at year precision or finer","1.0.0"
"1197686","built","1903","1903","exact_year","","1903","1903-01-01T00:00:00Z","9","inception (P571)","Q26492135","Wikidata inception (P571) ""1903-01-01T00:00:00Z"" at year precision or finer","1.0.0"
"1197686","built","1925","1925","exact_year","","1925","1925-01-01T00:00:00Z","9","inception (P571)","Q26492135","Wikidata inception (P571) ""1925-01-01T00:00:00Z"" at year precision or finer","1.0.0"
"1197700","event","1849","1849","exact_year","","1849","1849-01-01T00:00:00Z","9","date of official opening (P1619)","Q5936003","Wikidata date of official opening (P1619) ""1849-01-01T00:00:00Z"" at year precision or finer","1.0.0"
"1197723","built","1829","1829","exact_year","","1829","1829-01-01T00:00:00Z","9","inception (P571)","Q7592798","Wikidata inception (P571) ""1829-01-01T00:00:00Z"" at year precision or finer","1.0.0"
"1197754","built","1884","1884","exact_year","","1884","1884-01-01T00:00:00Z","10","inception (P571)","Q94700874","Wikidata inception (P571) ""1884-01-01T00:00:00Z"" at year precision or finer","1.0.0"
"1197757","built","1924","1924","exact_year","","1924","1924-01-01T00:00:00Z","9","inception (P571)","Q26492203","Wikidata inception (P571) ""1924-01-01T00:00:00Z"" at year precision or finer","1.0.0"
"1199129","event","1847","1847","exact_year","","1847","1847-01-01T00:00:00Z","9","date of official opening (P1619)","Q518724","Wikidata date of official opening (P1619) ""1847-01-01T00:00:00Z"" at year precision or finer","1.0.0"
"1199300","built","1801","1900","century","","19th century","1801-01-01T00:00:00Z","7","inception (P571)","Q26495191","Wikidata inception (P571) ""1801-01-01T00:00:00Z"" at century precision; read as the 19th century (1801–1900), not as a year","1.0.0"
"1199885","built","1701","1800","century","","18th century","1701-01-01T00:00:00Z","7","inception (P571)","Q26495739","Wikidata inception (P571) ""1701-01-01T00:00:00Z"" at century precision; read as the 18th century (1701–1800), not as a year","1.0.0"
"1200204","built","1870","1870","exact_year","","1870","1870-01-01T00:00:00Z","9","inception (P571)","Q26496024","Wikidata inception (P571) ""1870-01-01T00:00:00Z"" at year precision or finer","1.0.0"
"1200290","built","1301","1400","century","","14th century","1350-01-01T00:00:00Z","7","inception (P571)","Q17530507","Wikidata inception (P571) ""1350-01-01T00:00:00Z"" at century precision; read as the 14th century (1301–1400), not as a year","1.0.0"
"1200614","built","1801","1900","century","","19th century","1801-01-01T00:00:00Z","7","inception (P571)","Q26496398","Wikidata inception (P571) ""1801-01-01T00:00:00Z"" at century precision; read as the 19th century (1801–1900), not as a year","1.0.0"
"1200719","built","1801","1900","century","","19th century","1801-01-01T00:00:00Z","7","inception (P571)","Q26496497","Wikidata inception (P571) ""1801-01-01T00:00:00Z"" at century precision; read as the 19th century (1801–1900), not as a year","1.0.0"
"1201925","built","1147","1147","exact_year","","1147","1147-01-01T00:00:00Z","9","inception (P571)","Q17525581","Wikidata inception (P571) ""1147-01-01T00:00:00Z"" at year precision or finer","1.0.0"
"1203419","built","1101","1200","century","","12th century","1150-01-01T00:00:00Z","7","inception (P571)","Q17534263","Wikidata inception (P571) ""1150-01-01T00:00:00Z"" at century precision; read as the 12th century (1101–1200), not as a year","1.0.0"
"1203749","built","1873","1873","exact_year","","1873","1873-01-01T00:00:00Z","9","inception (P571)","Q7591609","Wikidata inception (P571) ""1873-01-01T00:00:00Z"" at year precision or finer","1.0.0"
"1203754","event","1936","1936","exact_year","","1936","1936-09-28T00:00:00Z","11","date of official opening (P1619)","Q26499268","Wikidata date of official opening (P1619) ""1936-09-28T00:00:00Z"" at year precision or finer","1.0.0"
"1203947","built","1818","1818","exact_year","","1818","1818-01-01T00:00:00Z","9","inception (P571)","Q26499446","Wikidata inception (P571) ""1818-01-01T00:00:00Z"" at year precision or finer","1.0.0"
"1208094","built","1900","1900","exact_year","","1900","1900-01-01T00:00:00Z","9","inception (P571)","Q26503193","Wikidata inception (P571) ""1900-01-01T00:00:00Z"" at year precision or finer","1.0.0"
"1208200","lost","1538","1538","exact_year","","1538","1538-01-01T00:00:00Z","9","dissolved, abolished or demolished (P576)","Q5086873","Wikidata dissolved, abolished or demolished (P576) ""1538-01-01T00:00:00Z"" at year precision or finer","1.0.0"
"1208622","built","1907","1907","exact_year","","1907","1907-01-01T00:00:00Z","9","inception (P571)","Q7018319","Wikidata inception (P571) ""1907-01-01T00:00:00Z"" at year precision or finer","1.0.0"
"1208622","built","2017","2017","exact_year","","2017","2017-06-01T00:00:00Z","11","inception (P571)","Q7018319","Wikidata inception (P571) ""2017-06-01T00:00:00Z"" at year precision or finer","1.0.0"
"1210061","event","1939","1939","exact_year","","1939","1939-01-01T00:00:00Z","9","date of official opening (P1619)","Q5935948","Wikidata date of official opening (P1619) ""1939-01-01T00:00:00Z"" at year precision or finer","1.0.0"
"1210061","built","1939","1939","exact_year","","1939","1939-01-01T00:00:00Z","9","inception (P571)","Q5935948","Wikidata inception (P571) ""1939-01-01T00:00:00Z"" at year precision or finer","1.0.0"
"1211183","built","1887","1887","exact_year","","1887","1887-01-01T00:00:00Z","9","inception (P571)","Q4856277","Wikidata inception (P571) ""1887-01-01T00:00:00Z"" at year precision or finer","1.0.0"
"1213929","built","1701","1800","century","","18th century","1701-01-01T00:00:00Z","7","inception (P571)","Q26508832","Wikidata inception (P571) ""1701-01-01T00:00:00Z"" at century precision; read as the 18th century (1701–1800), not as a year","1.0.0"
"1215863","built","1201","1300","century","","13th century","1250-01-01T00:00:00Z","7","inception (P571)","Q17534273","Wikidata inception (P571) ""1250-01-01T00:00:00Z"" at century precision; read as the 13th century (1201–1300), not as a year","1.0.0"
"1216050","built","1201","1300","century","","13th century","1250-01-01T00:00:00Z","7","inception (P571)","Q17534295","Wikidata inception (P571) ""1250-01-01T00:00:00Z"" at century precision; read as the 13th century (1201–1300), not as a year","1.0.0"
"1216255","built","1201","1300","century","","13th century","1250-01-01T00:00:00Z","7","inception (P571)","Q17534305","Wikidata inception (P571) ""1250-01-01T00:00:00Z"" at century precision; read as the 13th century (1201–1300), not as a year","1.0.0"
"1218434","event","1847","1847","exact_year","","1847","1847-01-01T00:00:00Z","9","date of official opening (P1619)","Q9294886","Wikidata date of official opening (P1619) ""1847-01-01T00:00:00Z"" at year precision or finer","1.0.0"
"1218434","built","2007","2007","exact_year","","2007","2007-09-01T00:00:00Z","10","inception (P571)","Q9294886","Wikidata inception (P571) ""2007-09-01T00:00:00Z"" at year precision or finer","1.0.0"
"1218995","built","1927","1927","exact_year","","1927","1927-01-01T00:00:00Z","9","inception (P571)","Q5444068","Wikidata inception (P571) ""1927-01-01T00:00:00Z"" at year precision or finer","1.0.0"
"1219019","built","1912","1912","exact_year","","1912","1912-01-01T00:00:00Z","9","inception (P571)","Q5935944","Wikidata inception (P571) ""1912-01-01T00:00:00Z"" at year precision or finer","1.0.0"
"1219382","built","1853","1853","exact_year","","1853","1853-07-13T00:00:00Z","11","inception (P571)","Q23073398","Wikidata inception (P571) ""1853-07-13T00:00:00Z"" at year precision or finer","1.0.0"
"1219477","built","1101","1200","century","","12th century","1101-01-01T00:00:00Z","7","inception (P571)","Q7586623","Wikidata inception (P571) ""1101-01-01T00:00:00Z"" at century precision; read as the 12th century (1101–1200), not as a year","1.0.0"
"1220171","built","1801","1900","century","","19th century","1801-01-01T00:00:00Z","7","inception (P571)","Q26514664","Wikidata inception (P571) ""1801-01-01T00:00:00Z"" at century precision; read as the 19th century (1801–1900), not as a year","1.0.0"
"1223253","built","1801","1900","century","","19th century","1801-01-01T00:00:00Z","7","inception (P571)","Q26517526","Wikidata inception (P571) ""1801-01-01T00:00:00Z"" at century precision; read as the 19th century (1801–1900), not as a year","1.0.0"
"1223321","built","1869","1869","exact_year","","1869","1869-01-01T00:00:00Z","9","inception (P571)","Q26517592","Wikidata inception (P571) ""1869-01-01T00:00:00Z"" at year precision or finer","1.0.0"
"1224811","built","1801","1900","century","","19th century","1801-01-01T00:00:00Z","7","inception (P571)","Q26518962","Wikidata inception (P571) ""1801-01-01T00:00:00Z"" at century precision; read as the 19th century (1801–1900), not as a year","1.0.0"
"1225846","built","1401","1500","century","","15th century","1401-01-01T00:00:00Z","7","inception (P571)","Q15979531","Wikidata inception (P571) ""1401-01-01T00:00:00Z"" at century precision; read as the 15th century (1401–1500), not as a year","1.0.0"
"1225849","built","1801","1900","century","","19th century","1801-01-01T00:00:00Z","7","inception (P571)","Q26519908","Wikidata inception (P571) ""1801-01-01T00:00:00Z"" at century precision; read as the 19th century (1801–1900), not as a year","1.0.0"
"1225854","built","1701","1800","century","","18th century","1701-01-01T00:00:00Z","7","inception (P571)","Q26519913","Wikidata inception (P571) ""1701-01-01T00:00:00Z"" at century precision; read as the 18th century (1701–1800), not as a year","1.0.0"
"1225861","built","1771","1771","exact_year","","1771","1771-01-01T00:00:00Z","9","inception (P571)","Q1585312","Wikidata inception (P571) ""1771-01-01T00:00:00Z"" at year precision or finer","1.0.0"
"1225896","built","1801","1900","century","","19th century","1801-01-01T00:00:00Z","7","inception (P571)","Q26519952","Wikidata inception (P571) ""1801-01-01T00:00:00Z"" at century precision; read as the 19th century (1801–1900), not as a year","1.0.0"
"1225902","built","1801","1900","century","","19th century","1801-01-01T00:00:00Z","7","inception (P571)","Q26519959","Wikidata inception (P571) ""1801-01-01T00:00:00Z"" at century precision; read as the 19th century (1801–1900), not as a year","1.0.0"
"1226239","built","1801","1900","century","","19th century","1801-01-01T00:00:00Z","7","inception (P571)","Q26520263","Wikidata inception (P571) ""1801-01-01T00:00:00Z"" at century precision; read as the 19th century (1801–1900), not as a year","1.0.0"
"1226252","built","1801","1900","century","","19th century","1801-01-01T00:00:00Z","7","inception (P571)","Q26520273","Wikidata inception (P571) ""1801-01-01T00:00:00Z"" at century precision; read as the 19th century (1801–1900), not as a year","1.0.0"
"1226257","built","1801","1900","century","","19th century","1801-01-01T00:00:00Z","7","inception (P571)","Q26520279","Wikidata inception (P571) ""1801-01-01T00:00:00Z"" at century precision; read as the 19th century (1801–1900), not as a year","1.0.0"
"1226258","built","1701","1800","century","","18th century","1701-01-01T00:00:00Z","7","inception (P571)","Q26520280","Wikidata inception (P571) ""1701-01-01T00:00:00Z"" at century precision; read as the 18th century (1701–1800), not as a year","1.0.0"
"1226524","built","1801","1900","century","","19th century","1801-01-01T00:00:00Z","7","inception (P571)","Q26520513","Wikidata inception (P571) ""1801-01-01T00:00:00Z"" at century precision; read as the 19th century (1801–1900), not as a year","1.0.0"
"1226531","built","1701","1800","century","","18th century","1701-01-01T00:00:00Z","7","inception (P571)","Q26520520","Wikidata inception (P571) ""1701-01-01T00:00:00Z"" at century precision; read as the 18th century (1701–1800), not as a year","1.0.0"
"1226532","built","1801","1900","century","","19th century","1801-01-01T00:00:00Z","7","inception (P571)","Q26520521","Wikidata inception (P571) ""1801-01-01T00:00:00Z"" at century precision; read as the 19th century (1801–1900), not as a year","1.0.0"
"1226574","built","1801","1900","century","","19th century","1801-01-01T00:00:00Z","7","inception (P571)","Q26520562","Wikidata inception (P571) ""1801-01-01T00:00:00Z"" at century precision; read as the 19th century (1801–1900), not as a year","1.0.0"
"1227290","built","1701","1800","century","","18th century","1701-01-01T00:00:00Z","7","inception (P571)","Q26521213","Wikidata inception (P571) ""1701-01-01T00:00:00Z"" at century precision; read as the 18th century (1701–1800), not as a year","1.0.0"
"1227397","built","1501","1600","century","","16th century","1501-01-01T00:00:00Z","7","inception (P571)","Q17675996","Wikidata inception (P571) ""1501-01-01T00:00:00Z"" at century precision; read as the 16th century (1501–1600), not as a year","1.0.0"
"1227397","built","1501","1600","century","","16th century","1501-01-01T00:00:00Z","7","inception (P571)","Q17675996","Wikidata inception (P571) ""1501-01-01T00:00:00Z"" at century precision; read as the 16th century (1501–1600), not as a year","1.0.0"
"1227613","built","1881","1881","exact_year","","1881","1881-01-01T00:00:00Z","9","inception (P571)","Q15204118","Wikidata inception (P571) ""1881-01-01T00:00:00Z"" at year precision or finer","1.0.0"
"1227642","built","1801","1900","century","","19th century","1801-01-01T00:00:00Z","7","inception (P571)","Q26521542","Wikidata inception (P571) ""1801-01-01T00:00:00Z"" at century precision; read as the 19th century (1801–1900), not as a year","1.0.0"
"1229039","built","1701","1800","century","","18th century","1701-01-01T00:00:00Z","7","inception (P571)","Q26522822","Wikidata inception (P571) ""1701-01-01T00:00:00Z"" at century precision; read as the 18th century (1701–1800), not as a year","1.0.0"
"1229133","built","1701","1800","century","","18th century","1701-01-01T00:00:00Z","7","inception (P571)","Q26522913","Wikidata inception (P571) ""1701-01-01T00:00:00Z"" at century precision; read as the 18th century (1701–1800), not as a year","1.0.0"
"1229278","built","1826","1826","exact_year","","1826","1826-01-01T00:00:00Z","9","inception (P571)","Q26523050","Wikidata inception (P571) ""1826-01-01T00:00:00Z"" at year precision or finer","1.0.0"
"1229283","built","1826","1826","exact_year","","1826","1826-01-01T00:00:00Z","9","inception (P571)","Q26523055","Wikidata inception (P571) ""1826-01-01T00:00:00Z"" at year precision or finer","1.0.0"
"1229549","built","1701","1800","century","","18th century","1701-01-01T00:00:00Z","7","inception (P571)","Q26523301","Wikidata inception (P571) ""1701-01-01T00:00:00Z"" at century precision; read as the 18th century (1701–1800), not as a year","1.0.0"
"1230013","built","1701","1800","century","","18th century","1701-01-01T00:00:00Z","7","inception (P571)","Q26523727","Wikidata inception (P571) ""1701-01-01T00:00:00Z"" at century precision; read as the 18th century (1701–1800), not as a year","1.0.0"
"1231255","built","1701","1800","century","","18th century","1701-01-01T00:00:00Z","7","inception (P571)","Q26524866","Wikidata inception (P571) ""1701-01-01T00:00:00Z"" at century precision; read as the 18th century (1701–1800), not as a year","1.0.0"
"1232688","built","1801","1900","century","","19th century","1801-01-01T00:00:00Z","7","inception (P571)","Q26526201","Wikidata inception (P571) ""1801-01-01T00:00:00Z"" at century precision; read as the 19th century (1801–1900), not as a year","1.0.0"
"1235137","built","1801","1900","century","","19th century","1801-01-01T00:00:00Z","7","inception (P571)","Q26528491","Wikidata inception (P571) ""1801-01-01T00:00:00Z"" at century precision; read as the 19th century (1801–1900), not as a year","1.0.0"
"1237397","built","1801","1900","century","","19th century","1801-01-01T00:00:00Z","7","inception (P571)","Q26530546","Wikidata inception (P571) ""1801-01-01T00:00:00Z"" at century precision; read as the 19th century (1801–1900), not as a year","1.0.0"
"1237398","built","1844","1844","exact_year","","1844","1844-01-01T00:00:00Z","9","inception (P571)","Q24705037","Wikidata inception (P571) ""1844-01-01T00:00:00Z"" at year precision or finer","1.0.0"
"1237399","built","1201","1300","century","","13th century","1250-01-01T00:00:00Z","7","inception (P571)","Q17530512","Wikidata inception (P571) ""1250-01-01T00:00:00Z"" at century precision; read as the 13th century (1201–1300), not as a year","1.0.0"
"1237403","built","1801","1900","century","","19th century","1801-01-01T00:00:00Z","7","inception (P571)","Q26530551","Wikidata inception (P571) ""1801-01-01T00:00:00Z"" at century precision; read as the 19th century (1801–1900), not as a year","1.0.0"
"1237404","built","1401","1500","century","","15th century","1450-01-01T00:00:00Z","7","inception (P571)","Q17530517","Wikidata inception (P571) ""1450-01-01T00:00:00Z"" at century precision; read as the 15th century (1401–1500), not as a year","1.0.0"
"1239952","event","1847","1847","exact_year","","1847","1847-01-01T00:00:00Z","9","date of official opening (P1619)","Q7382694","Wikidata date of official opening (P1619) ""1847-01-01T00:00:00Z"" at year precision or finer","1.0.0"
"1239958","built","1701","1800","century","","18th century","1701-01-01T00:00:00Z","7","inception (P571)","Q26532902","Wikidata inception (P571) ""1701-01-01T00:00:00Z"" at century precision; read as the 18th century (1701–1800), not as a year","1.0.0"
"1240135","built","1881","1881","exact_year","","1881","1881-01-01T00:00:00Z","9","inception (P571)","Q26533071","Wikidata inception (P571) ""1881-01-01T00:00:00Z"" at year precision or finer","1.0.0"
"1240191","built","1885","1885","exact_year","","1885","1885-01-01T00:00:00Z","9","inception (P571)","Q5756380","Wikidata inception (P571) ""1885-01-01T00:00:00Z"" at year precision or finer","1.0.0"
"1241474","event","1845","1845","exact_year","","1845","1845-01-01T00:00:00Z","9","date of official opening (P1619)","Q7190832","Wikidata date of official opening (P1619) ""1845-01-01T00:00:00Z"" at year precision or finer","1.0.0"
"1241474","event","1975","1975","exact_year","","1975","1975-01-01T00:00:00Z","9","date of official opening (P1619)","Q7190832","Wikidata date of official opening (P1619) ""1975-01-01T00:00:00Z"" at year precision or finer","1.0.0"
"1241474","built","1973","1973","exact_year","","1973","1973-01-01T00:00:00Z","9","inception (P571)","Q7190832","Wikidata inception (P571) ""1973-01-01T00:00:00Z"" at year precision or finer","1.0.0"
"1241758","built","1001","1100","century","","11th century","1050-01-01T00:00:00Z","7","inception (P571)","Q17537959","Wikidata inception (P571) ""1050-01-01T00:00:00Z"" at century precision; read as the 11th century (1001–1100), not as a year","1.0.0"
"1242903","built","1861","1861","exact_year","","1861","1861-01-01T00:00:00Z","9","inception (P571)","Q7594211","Wikidata inception (P571) ""1861-01-01T00:00:00Z"" at year precision or finer","1.0.0"
"1243163","built","1867","1867","exact_year","","1867","1867-01-01T00:00:00Z","9","inception (P571)","Q5594626","Wikidata inception (P571) ""1867-01-01T00:00:00Z"" at year precision or finer","1.0.0"
"1243437","built","1828","1828","exact_year","","1828","1828-01-01T00:00:00Z","9","inception (P571)","Q15979316","Wikidata inception (P571) ""1828-01-01T00:00:00Z"" at year precision or finer","1.0.0"
"1243447","built","1830","1830","exact_year","","1830","1830-01-01T00:00:00Z","9","inception (P571)","Q26536125","Wikidata inception (P571) ""1830-01-01T00:00:00Z"" at year precision or finer","1.0.0"
"1243452","event","1845","1845","exact_year","","1845","1845-07-07T00:00:00Z","11","date of official opening (P1619)","Q2394227","Wikidata date of official opening (P1619) ""1845-07-07T00:00:00Z"" at year precision or finer","1.0.0"
"1243674","event","1996","1996","exact_year","","1996","1996-04-30T00:00:00Z","11","date of official opening (P1619)","Q2344829","Wikidata date of official opening (P1619) ""1996-04-30T00:00:00Z"" at year precision or finer","1.0.0"
"1243674","built","1996","1996","exact_year","","1996","1996-04-30T00:00:00Z","11","inception (P571)","Q2344829","Wikidata inception (P571) ""1996-04-30T00:00:00Z"" at year precision or finer","1.0.0"
"1244147","event","1905","1905","exact_year","","1905","1905-01-01T00:00:00Z","9","date of official opening (P1619)","Q26536782","Wikidata date of official opening (P1619) ""1905-01-01T00:00:00Z"" at year precision or finer","1.0.0"
"1244147","altered","1939","1939","exact_year","","1939","1939-01-01T00:00:00Z","9","significant event (P793) — architectural reconstruction","Q26536782","Wikidata significant event (P793) — architectural reconstruction ""1939-01-01T00:00:00Z"" at year precision or finer","1.0.0"
"1244856","built","1934","1934","exact_year","","1934","1934-01-01T00:00:00Z","9","inception (P571)","Q26537436","Wikidata inception (P571) ""1934-01-01T00:00:00Z"" at year precision or finer","1.0.0"
"1245344","event","1901","1901","exact_year","","1901","1901-01-01T00:00:00Z","9","date of official opening (P1619)","Q7927085","Wikidata date of official opening (P1619) ""1901-01-01T00:00:00Z"" at year precision or finer","1.0.0"
"1245344","built","1901","1901","exact_year","","1901","1901-01-01T00:00:00Z","9","inception (P571)","Q7927085","Wikidata inception (P571) ""1901-01-01T00:00:00Z"" at year precision or finer","1.0.0"
"1245575","built","1868","1868","exact_year","","1868","1868-01-01T00:00:00Z","9","inception (P571)","Q26538092","Wikidata inception (P571) ""1868-01-01T00:00:00Z"" at year precision or finer","1.0.0"
"1247696","built","1801","1900","century","","19th century","1801-01-01T00:00:00Z","7","inception (P571)","Q26539983","Wikidata inception (P571) ""1801-01-01T00:00:00Z"" at century precision; read as the 19th century (1801–1900), not as a year","1.0.0"
"1247796","built","1910","1910","exact_year","","1910","1910-01-01T00:00:00Z","9","inception (P571)","Q7592368","Wikidata inception (P571) ""1910-01-01T00:00:00Z"" at year precision or finer","1.0.0"
"1249381","associated","410","1484","period","","Middle Ages","Q12554 (Middle Ages)","0","time period (P2348) — Middle Ages","Q17650027","Wikidata time period (P2348) = Q12554 (Middle Ages); classified BROADER_THAN_REGISTRY; spans early_medieval, norman and medieval; kept as a span rather than narrowed to one of them; years from the Whilom period registry, which is a navigation convention","1.0.0"
"1249386","built","1201","1300","century","","13th century","1250-01-01T00:00:00Z","7","inception (P571)","Q17534316","Wikidata inception (P571) ""1250-01-01T00:00:00Z"" at century precision; read as the 13th century (1201–1300), not as a year","1.0.0"
"1249393","associated","410","1484","period","","Middle Ages","Q12554 (Middle Ages)","0","time period (P2348) — Middle Ages","Q26541529","Wikidata time period (P2348) = Q12554 (Middle Ages); classified BROADER_THAN_REGISTRY; spans early_medieval, norman and medieval; kept as a span rather than narrowed to one of them; years from the Whilom period registry, which is a navigation convention","1.0.0"
"1252651","built","1798","1798","exact_year","","1798","1798-01-01T00:00:00Z","9","inception (P571)","Q26544491","Wikidata inception (P571) ""1798-01-01T00:00:00Z"" at year precision or finer","1.0.0"
"1252773","event","1841","1841","exact_year","","1841","1841-01-01T00:00:00Z","9","date of official opening (P1619)","Q5179839","Wikidata date of official opening (P1619) ""1841-01-01T00:00:00Z"" at year precision or finer","1.0.0"
"1253368","built","1849","1849","exact_year","","1849","1849-01-01T00:00:00Z","9","inception (P571)","Q23305617","Wikidata inception (P571) ""1849-01-01T00:00:00Z"" at year precision or finer","1.0.0"
"1253381","built","1801","1900","century","","19th century","1801-01-01T00:00:00Z","7","inception (P571)","Q26545139","Wikidata inception (P571) ""1801-01-01T00:00:00Z"" at century precision; read as the 19th century (1801–1900), not as a year","1.0.0"
"1253384","built","1801","1900","century","","19th century","1801-01-01T00:00:00Z","7","inception (P571)","Q26545142","Wikidata inception (P571) ""1801-01-01T00:00:00Z"" at century precision; read as the 19th century (1801–1900), not as a year","1.0.0"
"1253385","built","1801","1900","century","","19th century","1801-01-01T00:00:00Z","7","inception (P571)","Q26545143","Wikidata inception (P571) ""1801-01-01T00:00:00Z"" at century precision; read as the 19th century (1801–1900), not as a year","1.0.0"
"1253386","built","1801","1900","century","","19th century","1801-01-01T00:00:00Z","7","inception (P571)","Q26545144","Wikidata inception (P571) ""1801-01-01T00:00:00Z"" at century precision; read as the 19th century (1801–1900), not as a year","1.0.0"
"1253387","built","1801","1900","century","","19th century","1801-01-01T00:00:00Z","7","inception (P571)","Q26545145","Wikidata inception (P571) ""1801-01-01T00:00:00Z"" at century precision; read as the 19th century (1801–1900), not as a year","1.0.0"
"1253747","built","1201","1300","century","","13th century","1201-01-01T00:00:00Z","7","inception (P571)","Q4729507","Wikidata inception (P571) ""1201-01-01T00:00:00Z"" at century precision; read as the 13th century (1201–1300), not as a year","1.0.0"
"1254036","built","1420","1420","exact_year","","1420","1420-01-01T00:00:00Z","9","inception (P571)","Q7496040","Wikidata inception (P571) ""1420-01-01T00:00:00Z"" at year precision or finer","1.0.0"
"1255557","built","1853","1853","exact_year","","1853","1853-01-01T00:00:00Z","9","inception (P571)","Q6923817","Wikidata inception (P571) ""1853-01-01T00:00:00Z"" at year precision or finer","1.0.0"
"1255558","built","1866","1866","exact_year","","1866","1866-09-13T00:00:00Z","11","inception (P571)","Q16707751","Wikidata inception (P571) ""1866-09-13T00:00:00Z"" at year precision or finer","1.0.0"
"1255566","built","1901","2000","century","","20th century","1901-01-01T00:00:00Z","7","inception (P571)","Q26547145","Wikidata inception (P571) ""1901-01-01T00:00:00Z"" at century precision; read as the 20th century (1901–2000), not as a year","1.0.0"
"1255574","built","1881","1881","exact_year","","1881","1881-01-01T00:00:00Z","9","inception (P571)","Q17510791","Wikidata inception (P571) ""1881-01-01T00:00:00Z"" at year precision or finer","1.0.0"
"1255579","built","1846","1846","exact_year","","1846","1846-01-01T00:00:00Z","9","inception (P571)","Q24705035","Wikidata inception (P571) ""1846-01-01T00:00:00Z"" at year precision or finer","1.0.0"
"1255584","built","1811","1811","exact_year","","1811","1811-01-01T00:00:00Z","9","inception (P571)","Q26547163","Wikidata inception (P571) ""1811-01-01T00:00:00Z"" at year precision or finer","1.0.0"
"1255585","built","1849","1849","exact_year","","1849","1849-01-01T00:00:00Z","9","inception (P571)","Q26547164","Wikidata inception (P571) ""1849-01-01T00:00:00Z"" at year precision or finer","1.0.0"
"1255596","built","1868","1868","exact_year","","1868","1868-01-01T00:00:00Z","9","inception (P571)","Q26547175","Wikidata inception (P571) ""1868-01-01T00:00:00Z"" at year precision or finer","1.0.0"
"1255598","built","1878","1878","exact_year","","1878","1878-01-01T00:00:00Z","9","inception (P571)","Q26547177","Wikidata inception (P571) ""1878-01-01T00:00:00Z"" at year precision or finer","1.0.0"
"1255605","built","1868","1868","exact_year","","1868","1868-01-01T00:00:00Z","9","inception (P571)","Q26547184","Wikidata inception (P571) ""1868-01-01T00:00:00Z"" at year precision or finer","1.0.0"
"1255606","built","1906","1906","exact_year","","1906","1906-01-01T00:00:00Z","9","inception (P571)","Q26547185","Wikidata inception (P571) ""1906-01-01T00:00:00Z"" at year precision or finer","1.0.0"
"1255610","built","1150","1150","exact_year","","1150","1150-01-01T00:00:00Z","9","inception (P571)","Q17530532","Wikidata inception (P571) ""1150-01-01T00:00:00Z"" at year precision or finer","1.0.0"
"1255621","event","1904","1904","exact_year","","1904","1904-10-11T00:00:00Z","11","date of official opening (P1619)","Q26547199","Wikidata date of official opening (P1619) ""1904-10-11T00:00:00Z"" at year precision or finer","1.0.0"
"1255621","built","1903","1903","exact_year","","1903","1903-01-01T00:00:00Z","9","inception (P571)","Q26547199","Wikidata inception (P571) ""1903-01-01T00:00:00Z"" at year precision or finer","1.0.0"
"1255638","built","1950","1950","exact_year","","1950","1950-01-01T00:00:00Z","9","inception (P571)","Q7138541","Wikidata inception (P571) ""1950-01-01T00:00:00Z"" at year precision or finer","1.0.0"
"1255639","built","1985","1985","exact_year","","1985","1985-01-01T00:00:00Z","9","inception (P571)","Q15979203","Wikidata inception (P571) ""1985-01-01T00:00:00Z"" at year precision or finer","1.0.0"
"1255640","built","1901","1901","exact_year","","1901","1901-01-01T00:00:00Z","9","inception (P571)","Q26547216","Wikidata inception (P571) ""1901-01-01T00:00:00Z"" at year precision or finer","1.0.0"
"1255641","built","1835","1835","exact_year","","1835","1835-01-01T00:00:00Z","9","inception (P571)","Q66818860","Wikidata inception (P571) ""1835-01-01T00:00:00Z"" at year precision or finer","1.0.0"
"1255642","built","1903","1903","exact_year","","1903","1903-01-01T00:00:00Z","9","inception (P571)","Q15979175","Wikidata inception (P571) ""1903-01-01T00:00:00Z"" at year precision or finer","1.0.0"
"1255646","built","1866","1866","exact_year","","1866","1866-01-01T00:00:00Z","9","inception (P571)","Q26547220","Wikidata inception (P571) ""1866-01-01T00:00:00Z"" at year precision or finer","1.0.0"
"1255654","built","1932","1932","exact_year","","1932","1932-01-01T00:00:00Z","9","inception (P571)","Q26262664","Wikidata inception (P571) ""1932-01-01T00:00:00Z"" at year precision or finer","1.0.0"
"1255658","built","1898","1898","exact_year","","1898","1898-01-01T00:00:00Z","9","inception (P571)","Q26547232","Wikidata inception (P571) ""1898-01-01T00:00:00Z"" at year precision or finer","1.0.0"
"1255659","built","1847","1847","exact_year","","1847","1847-01-01T00:00:00Z","9","inception (P571)","Q26547233","Wikidata inception (P571) ""1847-01-01T00:00:00Z"" at year precision or finer","1.0.0"
"1255679","built","1821","1821","exact_year","","1821","1821-01-01T00:00:00Z","9","inception (P571)","Q26547251","Wikidata inception (P571) ""1821-01-01T00:00:00Z"" at year precision or finer","1.0.0"
"1255691","built","1879","1879","exact_year","","1879","1879-01-01T00:00:00Z","9","inception (P571)","Q26262154","Wikidata inception (P571) ""1879-01-01T00:00:00Z"" at year precision or finer","1.0.0"
"1255697","built","1872","1872","exact_year","","1872","1872-01-01T00:00:00Z","9","inception (P571)","Q7592592","Wikidata inception (P571) ""1872-01-01T00:00:00Z"" at year precision or finer","1.0.0"
"1255707","event","1777","1777","exact_year","","1777","1777-01-01T00:00:00Z","9","date of official opening (P1619)","Q68592380","Wikidata date of official opening (P1619) ""1777-01-01T00:00:00Z"" at year precision or finer","1.0.0"
"1255715","built","1601","1700","century","","17th century","1601-01-01T00:00:00Z","7","inception (P571)","Q26547283","Wikidata inception (P571) ""1601-01-01T00:00:00Z"" at century precision; read as the 17th century (1601–1700), not as a year","1.0.0"
"1255720","built","1846","1846","exact_year","","1846","1846-01-01T00:00:00Z","9","inception (P571)","Q26547288","Wikidata inception (P571) ""1846-01-01T00:00:00Z"" at year precision or finer","1.0.0"
"1255725","built","1847","1847","exact_year","","1847","1847-01-01T00:00:00Z","9","inception (P571)","Q17533543","Wikidata inception (P571) ""1847-01-01T00:00:00Z"" at year precision or finer","1.0.0"
"1255743","built","1902","1902","exact_year","","1902","1902-01-01T00:00:00Z","9","inception (P571)","Q26547310","Wikidata inception (P571) ""1902-01-01T00:00:00Z"" at year precision or finer","1.0.0"
"1255744","built","1902","1902","exact_year","","1902","1902-01-01T00:00:00Z","9","inception (P571)","Q26547311","Wikidata inception (P571) ""1902-01-01T00:00:00Z"" at year precision or finer","1.0.0"
"1255745","built","1860","1860","exact_year","","1860","1860-01-01T00:00:00Z","9","inception (P571)","Q26547312","Wikidata inception (P571) ""1860-01-01T00:00:00Z"" at year precision or finer","1.0.0"
"1255749","built","1873","1873","exact_year","","1873","1873-01-01T00:00:00Z","9","inception (P571)","Q26547315","Wikidata inception (P571) ""1873-01-01T00:00:00Z"" at year precision or finer","1.0.0"
"1255751","built","1862","1862","exact_year","","1862","1862-01-01T00:00:00Z","9","inception (P571)","Q26547317","Wikidata inception (P571) ""1862-01-01T00:00:00Z"" at year precision or finer","1.0.0"
"1255753","built","1898","1898","exact_year","","1898","1898-01-01T00:00:00Z","9","inception (P571)","Q26547319","Wikidata inception (P571) ""1898-01-01T00:00:00Z"" at year precision or finer","1.0.0"
"1255754","built","1861","1861","exact_year","","1861","1861-01-01T00:00:00Z","9","inception (P571)","Q26547320","Wikidata inception (P571) ""1861-01-01T00:00:00Z"" at year precision or finer","1.0.0"
"1255756","built","1865","1865","exact_year","","1865","1865-01-01T00:00:00Z","9","inception (P571)","Q26547322","Wikidata inception (P571) ""1865-01-01T00:00:00Z"" at year precision or finer","1.0.0"
"1255758","built","1860","1860","exact_year","","1860","1860-01-01T00:00:00Z","9","inception (P571)","Q26547324","Wikidata inception (P571) ""1860-01-01T00:00:00Z"" at year precision or finer","1.0.0"
"1255759","built","1801","1900","century","","19th century","1801-01-01T00:00:00Z","7","inception (P571)","Q26547325","Wikidata inception (P571) ""1801-01-01T00:00:00Z"" at century precision; read as the 19th century (1801–1900), not as a year","1.0.0"
"1255761","built","1810","1810","exact_year","","1810","1810-01-01T00:00:00Z","9","inception (P571)","Q26547327","Wikidata inception (P571) ""1810-01-01T00:00:00Z"" at year precision or finer","1.0.0"
"1255765","built","1981","1981","exact_year","","1981","1981-01-01T00:00:00Z","9","inception (P571)","Q11033321","Wikidata inception (P571) ""1981-01-01T00:00:00Z"" at year precision or finer","1.0.0"
"1255771","built","1864","1864","exact_year","","1864","1864-01-01T00:00:00Z","9","inception (P571)","Q6515948","Wikidata inception (P571) ""1864-01-01T00:00:00Z"" at year precision or finer","1.0.0"
"1255772","built","1858","1858","exact_year","","1858","1858-01-01T00:00:00Z","9","inception (P571)","Q2017744","Wikidata inception (P571) ""1858-01-01T00:00:00Z"" at year precision or finer","1.0.0"
"1255783","event","1884","1884","exact_year","","1884","1884-04-17T00:00:00Z","11","date of official opening (P1619)","Q15242185","Wikidata date of official opening (P1619) ""1884-04-17T00:00:00Z"" at year precision or finer","1.0.0"
"1255783","built","1878","1878","exact_year","","1878","1878-10-14T00:00:00Z","11","inception (P571)","Q15242185","Wikidata inception (P571) ""1878-10-14T00:00:00Z"" at year precision or finer","1.0.0"
"1255790","event","1914","1914","exact_year","","1914","1914-11-07T00:00:00Z","11","date of official opening (P1619)","Q5953717","Wikidata date of official opening (P1619) ""1914-11-07T00:00:00Z"" at year precision or finer","1.0.0"
"1255796","built","1901","2000","century","","20th century","1901-01-01T00:00:00Z","7","inception (P571)","Q26547355","Wikidata inception (P571) ""1901-01-01T00:00:00Z"" at century precision; read as the 20th century (1901–2000), not as a year","1.0.0"
"1255815","built","1846","1846","exact_year","","1846","1846-01-01T00:00:00Z","9","inception (P571)","Q7594659","Wikidata inception (P571) ""1846-01-01T00:00:00Z"" at year precision or finer","1.0.0"
"1255826","built","1879","1879","exact_year","","1879","1879-01-01T00:00:00Z","9","inception (P571)","Q26234194","Wikidata inception (P571) ""1879-01-01T00:00:00Z"" at year precision or finer","1.0.0"
"1255826","built","1894","1894","exact_year","","1894","1894-01-01T00:00:00Z","9","inception (P571)","Q5599287","Wikidata inception (P571) ""1894-01-01T00:00:00Z"" at year precision or finer","1.0.0"
"1255833","built","1894","1894","exact_year","","1894","1894-01-01T00:00:00Z","9","inception (P571)","Q127270448","Wikidata inception (P571) ""1894-01-01T00:00:00Z"" at year precision or finer","1.0.0"
"1255845","built","1867","1867","exact_year","","1867","1867-01-01T00:00:00Z","9","inception (P571)","Q26547402","Wikidata inception (P571) ""1867-01-01T00:00:00Z"" at year precision or finer","1.0.0"
"1255853","built","1920","1920","exact_year","","1920","1920-01-01T00:00:00Z","9","inception (P571)","Q26547410","Wikidata inception (P571) ""1920-01-01T00:00:00Z"" at year precision or finer","1.0.0"
"1255870","built","1721","1721","exact_year","","1721","1721-01-01T00:00:00Z","9","inception (P571)","Q15224720","Wikidata inception (P571) ""1721-01-01T00:00:00Z"" at year precision or finer","1.0.0"
"1255873","event","1870","1870","exact_year","","1870","1870-01-01T00:00:00Z","9","date of official opening (P1619)","Q6515847","Wikidata date of official opening (P1619) ""1870-01-01T00:00:00Z"" at year precision or finer","1.0.0"
"1255873","event","1873","1873","exact_year","","1873","1873-07-09T00:00:00Z","11","date of official opening (P1619)","Q6515847","Wikidata date of official opening (P1619) ""1873-07-09T00:00:00Z"" at year precision or finer","1.0.0"
"1255904","built","1936","1936","exact_year","","1936","1936-01-01T00:00:00Z","9","inception (P571)","Q17530541","Wikidata inception (P571) ""1936-01-01T00:00:00Z"" at year precision or finer","1.0.0"
"1255905","built","1955","1955","exact_year","","1955","1955-01-01T00:00:00Z","9","inception (P571)","Q3185517","Wikidata inception (P571) ""1955-01-01T00:00:00Z"" at year precision or finer","1.0.0"
"1255905","lost","2011","2011","exact_year","","2011","2011-08-01T00:00:00Z","11","dissolved, abolished or demolished (P576)","Q3185517","Wikidata dissolved, abolished or demolished (P576) ""2011-08-01T00:00:00Z"" at year precision or finer","1.0.0"
"1255929","event","1991","1991","exact_year","","1991","1991-01-01T00:00:00Z","9","date of official opening (P1619)","Q4637759","Wikidata date of official opening (P1619) ""1991-01-01T00:00:00Z"" at year precision or finer","1.0.0"
"1255938","built","1912","1912","exact_year","","1912","1912-01-01T00:00:00Z","9","inception (P571)","Q26547491","Wikidata inception (P571) ""1912-01-01T00:00:00Z"" at year precision or finer","1.0.0"
"1255938","altered","1932","1932","exact_year","","1932","1932-01-01T00:00:00Z","9","significant event (P793) — expansion","Q26547491","Wikidata significant event (P793) — expansion ""1932-01-01T00:00:00Z"" at year precision or finer","1.0.0"
"1255940","built","1401","1500","century","","15th century","1401-01-01T00:00:00Z","7","inception (P571)","Q17565091","Wikidata inception (P571) ""1401-01-01T00:00:00Z"" at century precision; read as the 15th century (1401–1500), not as a year","1.0.0"
"1255942","built","1846","1846","exact_year","","1846","1846-01-01T00:00:00Z","9","inception (P571)","Q26547494","Wikidata inception (P571) ""1846-01-01T00:00:00Z"" at year precision or finer","1.0.0"
"1255954","built","1742","1742","exact_year","","1742","1742-01-01T00:00:00Z","9","inception (P571)","Q64018807","Wikidata inception (P571) ""1742-01-01T00:00:00Z"" at year precision or finer","1.0.0"
"1255966","built","1867","1867","exact_year","","1867","1867-01-01T00:00:00Z","9","inception (P571)","Q26547516","Wikidata inception (P571) ""1867-01-01T00:00:00Z"" at year precision or finer","1.0.0"
"1255967","built","1884","1884","exact_year","","1884","1884-01-01T00:00:00Z","9","inception (P571)","Q7594861","Wikidata inception (P571) ""1884-01-01T00:00:00Z"" at year precision or finer","1.0.0"
"1255970","event","1889","1889","exact_year","","1889","1889-05-20T00:00:00Z","11","date of official opening (P1619)","Q24705041","Wikidata date of official opening (P1619) ""1889-05-20T00:00:00Z"" at year precision or finer","1.0.0"
"1255970","built","1886","1886","exact_year","","1886","1886-01-01T00:00:00Z","9","inception (P571)","Q24705041","Wikidata inception (P571) ""1886-01-01T00:00:00Z"" at year precision or finer","1.0.0"
"1255972","event","1865","1865","exact_year","","1865","1865-01-01T00:00:00Z","9","date of official opening (P1619)","Q6515931","Wikidata date of official opening (P1619) ""1865-01-01T00:00:00Z"" at year precision or finer","1.0.0"
"1255982","built","1864","1864","exact_year","","1864","1864-01-01T00:00:00Z","9","inception (P571)","Q26547530","Wikidata inception (P571) ""1864-01-01T00:00:00Z"" at year precision or finer","1.0.0"
"1255997","built","1908","1908","exact_year","","1908","1908-01-01T00:00:00Z","9","inception (P571)","Q26547545","Wikidata inception (P571) ""1908-01-01T00:00:00Z"" at year precision or finer","1.0.0"
"1256005","built","1924","1924","exact_year","","1924","1924-01-01T00:00:00Z","9","inception (P571)","Q26547553","Wikidata inception (P571) ""1924-01-01T00:00:00Z"" at year precision or finer","1.0.0"
"1256028","built","1904","1904","exact_year","","1904","1904-01-01T00:00:00Z","9","inception (P571)","Q26547576","Wikidata inception (P571) ""1904-01-01T00:00:00Z"" at year precision or finer","1.0.0"
"1256030","built","1879","1879","exact_year","","1879","1879-01-01T00:00:00Z","9","inception (P571)","Q26547578","Wikidata inception (P571) ""1879-01-01T00:00:00Z"" at year precision or finer","1.0.0"
"1256039","built","1908","1908","exact_year","","1908","1908-01-01T00:00:00Z","9","inception (P571)","Q17565116","Wikidata inception (P571) ""1908-01-01T00:00:00Z"" at year precision or finer","1.0.0"
"1256072","built","1908","1908","exact_year","","1908","1908-01-01T00:00:00Z","9","inception (P571)","Q26547619","Wikidata inception (P571) ""1908-01-01T00:00:00Z"" at year precision or finer","1.0.0"
"1256085","built","1860","1869","decade","","1860s","1860-01-01T00:00:00Z","8","inception (P571)","Q26681800","Wikidata inception (P571) ""1860-01-01T00:00:00Z"" at decade precision; read as 1860–1869","1.0.0"
"1256086","built","1860","1869","decade","","1860s","1860-01-01T00:00:00Z","8","inception (P571)","Q26891602","Wikidata inception (P571) ""1860-01-01T00:00:00Z"" at decade precision; read as 1860–1869","1.0.0"
"1256088","built","1860","1869","decade","","1860s","1860-01-01T00:00:00Z","8","inception (P571)","Q26891604","Wikidata inception (P571) ""1860-01-01T00:00:00Z"" at decade precision; read as 1860–1869","1.0.0"
"1256135","built","1834","1834","exact_year","","1834","1834-01-01T00:00:00Z","9","inception (P571)","Q26547677","Wikidata inception (P571) ""1834-01-01T00:00:00Z"" at year precision or finer","1.0.0"
"1256139","built","1845","1845","exact_year","","1845","1845-01-01T00:00:00Z","9","inception (P571)","Q26547681","Wikidata inception (P571) ""1845-01-01T00:00:00Z"" at year precision or finer","1.0.0"
"1256140","built","1837","1837","exact_year","","1837","1837-01-01T00:00:00Z","9","inception (P571)","Q26547682","Wikidata inception (P571) ""1837-01-01T00:00:00Z"" at year precision or finer","1.0.0"
"1256141","built","1849","1849","exact_year","","1849","1849-01-01T00:00:00Z","9","inception (P571)","Q26547683","Wikidata inception (P571) ""1849-01-01T00:00:00Z"" at year precision or finer","1.0.0"
"1256144","built","1826","1826","exact_year","","1826","1826-01-01T00:00:00Z","9","inception (P571)","Q26547685","Wikidata inception (P571) ""1826-01-01T00:00:00Z"" at year precision or finer","1.0.0"
"1256200","built","1800","1800","exact_year","","1800","1800-01-01T00:00:00Z","9","inception (P571)","Q26547739","Wikidata inception (P571) ""1800-01-01T00:00:00Z"" at year precision or finer","1.0.0"
"1256205","event","2002","2002","exact_year","","2002","2002-01-01T00:00:00Z","9","date of official opening (P1619)","Q7269868","Wikidata date of official opening (P1619) ""2002-01-01T00:00:00Z"" at year precision or finer","1.0.0"
"1256206","built","1840","1840","exact_year","","1840","1840-01-01T00:00:00Z","9","inception (P571)","Q26547745","Wikidata inception (P571) ""1840-01-01T00:00:00Z"" at year precision or finer","1.0.0"
"1256215","built","1920","1920","exact_year","","1920","1920-01-01T00:00:00Z","9","inception (P571)","Q26547754","Wikidata inception (P571) ""1920-01-01T00:00:00Z"" at year precision or finer","1.0.0"
"1256230","built","1889","1889","exact_year","","1889","1889-01-01T00:00:00Z","9","inception (P571)","Q26547768","Wikidata inception (P571) ""1889-01-01T00:00:00Z"" at year precision or finer","1.0.0"
"1256237","built","1801","1900","century","","19th century","1801-01-01T00:00:00Z","7","inception (P571)","Q26547775","Wikidata inception (P571) ""1801-01-01T00:00:00Z"" at century precision; read as the 19th century (1801–1900), not as a year","1.0.0"
"1256238","built","1899","1899","exact_year","","1899","1899-01-01T00:00:00Z","9","inception (P571)","Q26547776","Wikidata inception (P571) ""1899-01-01T00:00:00Z"" at year precision or finer","1.0.0"
"1256240","built","1904","1904","exact_year","","1904","1904-01-01T00:00:00Z","9","inception (P571)","Q26547778","Wikidata inception (P571) ""1904-01-01T00:00:00Z"" at year precision or finer","1.0.0"
"1256254","event","1889","1889","exact_year","","1889","1889-06-28T00:00:00Z","11","date of official opening (P1619)","Q26547785","Wikidata date of official opening (P1619) ""1889-06-28T00:00:00Z"" at year precision or finer","1.0.0"
"1256285","built","1671","1671","exact_year","","1671","1671-01-01T00:00:00Z","9","inception (P571)","Q26547814","Wikidata inception (P571) ""1671-01-01T00:00:00Z"" at year precision or finer","1.0.0"
"1256285","altered","1800","1800","exact_year","","1800","1800-01-01T00:00:00Z","9","significant event (P793) — reconstruction","Q26547814","Wikidata significant event (P793) — reconstruction ""1800-01-01T00:00:00Z"" at year precision or finer","1.0.0"
"1256288","built","1801","1900","century","","19th century","1900-01-01T00:00:00Z","7","inception (P571)","Q26547817","Wikidata inception (P571) ""1900-01-01T00:00:00Z"" at century precision; read as the 19th century (1801–1900), not as a year","1.0.0"
"1256293","built","1911","1911","exact_year","","1911","1911-01-01T00:00:00Z","9","inception (P571)","Q26547822","Wikidata inception (P571) ""1911-01-01T00:00:00Z"" at year precision or finer","1.0.0"
"1256304","built","1752","1752","exact_year","","1752","1752-01-01T00:00:00Z","9","inception (P571)","Q17533712","Wikidata inception (P571) ""1752-01-01T00:00:00Z"" at year precision or finer","1.0.0"
"1256307","built","1766","1766","exact_year","","1766","1766-01-01T00:00:00Z","9","inception (P571)","Q26547835","Wikidata inception (P571) ""1766-01-01T00:00:00Z"" at year precision or finer","1.0.0"
"1256307","altered","1858","1858","exact_year","","1858","1858-01-01T00:00:00Z","9","significant event (P793) — renovation","Q26547835","Wikidata significant event (P793) — renovation ""1858-01-01T00:00:00Z"" at year precision or finer","1.0.0"
"1256308","built","1895","1895","exact_year","","1895","1895-01-01T00:00:00Z","9","inception (P571)","Q26547836","Wikidata inception (P571) ""1895-01-01T00:00:00Z"" at year precision or finer","1.0.0"
"1256309","built","1864","1864","exact_year","","1864","1864-01-01T00:00:00Z","9","inception (P571)","Q26547837","Wikidata inception (P571) ""1864-01-01T00:00:00Z"" at year precision or finer","1.0.0"
"1256313","built","1301","1400","century","","14th century","1350-01-01T00:00:00Z","7","inception (P571)","Q7592955","Wikidata inception (P571) ""1350-01-01T00:00:00Z"" at century precision; read as the 14th century (1301–1400), not as a year","1.0.0"
"1256319","built","1101","1200","century","","12th century","1150-01-01T00:00:00Z","7","inception (P571)","Q17530536","Wikidata inception (P571) ""1150-01-01T00:00:00Z"" at century precision; read as the 12th century (1101–1200), not as a year","1.0.0"
"1256400","event","2010","2010","exact_year","","2010","2010-01-01T00:00:00Z","9","date of official opening (P1619)","Q17549256","Wikidata date of official opening (P1619) ""2010-01-01T00:00:00Z"" at year precision or finer","1.0.0"
"1256403","event","1841","1841","exact_year","","1841","1841-01-01T00:00:00Z","9","date of official opening (P1619)","Q8055616","Wikidata date of official opening (P1619) ""1841-01-01T00:00:00Z"" at year precision or finer","1.0.0"
"1256417","built","1872","1872","exact_year","","1872","1872-01-01T00:00:00Z","9","inception (P571)","Q24060152","Wikidata inception (P571) ""1872-01-01T00:00:00Z"" at year precision or finer","1.0.0"
"1256464","built","1852","1852","exact_year","","1852","1852-01-01T00:00:00Z","9","inception (P571)","Q26547976","Wikidata inception (P571) ""1852-01-01T00:00:00Z"" at year precision or finer","1.0.0"
"1256467","built","1801","1900","century","","19th century","1801-01-01T00:00:00Z","7","inception (P571)","Q26547979","Wikidata inception (P571) ""1801-01-01T00:00:00Z"" at century precision; read as the 19th century (1801–1900), not as a year","1.0.0"
"1256500","built","1801","1900","century","","19th century","1801-01-01T00:00:00Z","7","inception (P571)","Q26548002","Wikidata inception (P571) ""1801-01-01T00:00:00Z"" at century precision; read as the 19th century (1801–1900), not as a year","1.0.0"
"1256554","event","1877","1877","exact_year","","1877","1877-06-25T00:00:00Z","11","date of official opening (P1619)","Q2269429","Wikidata date of official opening (P1619) ""1877-06-25T00:00:00Z"" at year precision or finer","1.0.0"
"1256559","built","1878","1878","exact_year","","1878","1878-01-01T00:00:00Z","9","inception (P571)","Q7761744","Wikidata inception (P571) ""1878-01-01T00:00:00Z"" at year precision or finer","1.0.0"
"1256593","built","1101","1200","century","","12th century","1150-01-01T00:00:00Z","7","inception (P571)","Q17530545","Wikidata inception (P571) ""1150-01-01T00:00:00Z"" at century precision; read as the 12th century (1101–1200), not as a year","1.0.0"
"1256634","built","1839","1839","exact_year","","1839","1839-01-01T00:00:00Z","9","inception (P571)","Q26548115","Wikidata inception (P571) ""1839-01-01T00:00:00Z"" at year precision or finer","1.0.0"
"1256638","built","1875","1875","exact_year","","1875","1875-01-01T00:00:00Z","9","inception (P571)","Q26548118","Wikidata inception (P571) ""1875-01-01T00:00:00Z"" at year precision or finer","1.0.0"
"1256651","built","1829","1829","exact_year","","1829","1829-01-01T00:00:00Z","9","inception (P571)","Q26548127","Wikidata inception (P571) ""1829-01-01T00:00:00Z"" at year precision or finer","1.0.0"
"1256656","built","1866","1866","exact_year","","1866","1866-01-01T00:00:00Z","9","inception (P571)","Q26548131","Wikidata inception (P571) ""1866-01-01T00:00:00Z"" at year precision or finer","1.0.0"
"1256667","built","2016","2016","exact_year","","2016","2016-04-01T00:00:00Z","11","inception (P571)","Q66140675","Wikidata inception (P571) ""2016-04-01T00:00:00Z"" at year precision or finer","1.0.0"
"1256668","built","1152","1152","exact_year","","1152","1152-01-01T00:00:00Z","9","inception (P571)","Q1421579","Wikidata inception (P571) ""1152-01-01T00:00:00Z"" at year precision or finer","1.0.0"
"1256668","lost","1539","1539","exact_year","","1539","1539-01-01T00:00:00Z","9","dissolved, abolished or demolished (P576)","Q1421579","Wikidata dissolved, abolished or demolished (P576) ""1539-01-01T00:00:00Z"" at year precision or finer","1.0.0"
"1256767","altered","1822","1822","exact_year","","1822","1822-01-01T00:00:00Z","9","significant event (P793) — architectural reconstruction","Q3572609","Wikidata significant event (P793) — architectural reconstruction ""1822-01-01T00:00:00Z"" at year precision or finer","1.0.0"
"1256767","altered","1835","1835","exact_year","","1835","1835-01-01T00:00:00Z","9","significant event (P793) — architectural reconstruction","Q3572609","Wikidata significant event (P793) — architectural reconstruction ""1835-01-01T00:00:00Z"" at year precision or finer","1.0.0"
"1256767","altered","1866","1866","exact_year","","1866","1866-01-01T00:00:00Z","9","significant event (P793) — architectural reconstruction","Q3572609","Wikidata significant event (P793) — architectural reconstruction ""1866-01-01T00:00:00Z"" at year precision or finer","1.0.0"
"1256767","altered","1880","1880","exact_year","","1880","1880-01-01T00:00:00Z","9","significant event (P793) — architectural reconstruction","Q3572609","Wikidata significant event (P793) — architectural reconstruction ""1880-01-01T00:00:00Z"" at year precision or finer","1.0.0"
"1256767","altered","1888","1888","exact_year","","1888","1888-01-01T00:00:00Z","9","significant event (P793) — architectural reconstruction","Q3572609","Wikidata significant event (P793) — architectural reconstruction ""1888-01-01T00:00:00Z"" at year precision or finer","1.0.0"
"1256767","altered","1902","1902","exact_year","","1902","1902-01-01T00:00:00Z","9","significant event (P793) — architectural reconstruction","Q3572609","Wikidata significant event (P793) — architectural reconstruction ""1902-01-01T00:00:00Z"" at year precision or finer","1.0.0"
"1256767","altered","1967","1967","exact_year","","1967","1967-01-01T00:00:00Z","9","significant event (P793) — architectural reconstruction","Q3572609","Wikidata significant event (P793) — architectural reconstruction ""1967-01-01T00:00:00Z"" at year precision or finer","1.0.0"
"1256767","altered","1994","1994","exact_year","","1994","1994-01-01T00:00:00Z","9","significant event (P793) — architectural reconstruction","Q3572609","Wikidata significant event (P793) — architectural reconstruction ""1994-01-01T00:00:00Z"" at year precision or finer","1.0.0"
"1256888","built","1001","1100","century","","11th century","1050-01-01T00:00:00Z","7","inception (P571)","Q17530561","Wikidata inception (P571) ""1050-01-01T00:00:00Z"" at century precision; read as the 11th century (1001–1100), not as a year","1.0.0"
"1256921","built","1301","1400","century","","14th century","1301-01-01T00:00:00Z","7","inception (P571)","Q2647826","Wikidata inception (P571) ""1301-01-01T00:00:00Z"" at century precision; read as the 14th century (1301–1400), not as a year","1.0.0"
"1257067","built","1101","1200","century","","12th century","1150-01-01T00:00:00Z","7","inception (P571)","Q2647818","Wikidata inception (P571) ""1150-01-01T00:00:00Z"" at century precision; read as the 12th century (1101–1200), not as a year","1.0.0"
"1257077","built","1927","1927","exact_year","","1927","1927-01-01T00:00:00Z","9","inception (P571)","Q8055614","Wikidata inception (P571) ""1927-01-01T00:00:00Z"" at year precision or finer","1.0.0"
"1257128","built","1088","1088","exact_year","","1088","1088-01-01T00:00:00Z","9","inception (P571)","Q1426965","Wikidata inception (P571) ""1088-01-01T00:00:00Z"" at year precision or finer","1.0.0"
"1257128","built","1089","1089","exact_year","","1089","1089-01-01T00:00:00Z","9","inception (P571)","Q1426965","Wikidata inception (P571) ""1089-01-01T00:00:00Z"" at year precision or finer","1.0.0"
"1257128","lost","1539","1539","exact_year","","1539","1539-01-01T00:00:00Z","9","dissolved, abolished or demolished (P576)","Q1426965","Wikidata dissolved, abolished or demolished (P576) ""1539-01-01T00:00:00Z"" at year precision or finer","1.0.0"
"1257222","built","1220","1220","exact_year","","1220","1220-01-01T00:00:00Z","9","inception (P571)","Q252575","Wikidata inception (P571) ""1220-01-01T00:00:00Z"" at year precision or finer","1.0.0"
"1257225","built","1860","1869","decade","","1860s","1860-01-01T00:00:00Z","8","inception (P571)","Q26548621","Wikidata inception (P571) ""1860-01-01T00:00:00Z"" at decade precision; read as 1860–1869","1.0.0"
"1257228","built","1525","1525","exact_year","","1525","1525-01-01T00:00:00Z","9","inception (P571)","Q7594874","Wikidata inception (P571) ""1525-01-01T00:00:00Z"" at year precision or finer","1.0.0"
"1257274","built","1180","1180","exact_year","","1180","1180-01-01T00:00:00Z","9","inception (P571)","Q17530596","Wikidata inception (P571) ""1180-01-01T00:00:00Z"" at year precision or finer","1.0.0"
"1257274","lost","1538","1538","exact_year","","1538","1538-01-01T00:00:00Z","9","dissolved, abolished or demolished (P576)","Q17530596","Wikidata dissolved, abolished or demolished (P576) ""1538-01-01T00:00:00Z"" at year precision or finer","1.0.0"
"1257277","built","1001","1100","century","","11th century","1050-01-01T00:00:00Z","7","inception (P571)","Q17530600","Wikidata inception (P571) ""1050-01-01T00:00:00Z"" at century precision; read as the 11th century (1001–1100), not as a year","1.0.0"
"1257387","built","1401","1500","century","","15th century","1401-01-01T00:00:00Z","7","inception (P571)","Q7594998","Wikidata inception (P571) ""1401-01-01T00:00:00Z"" at century precision; read as the 15th century (1401–1500), not as a year","1.0.0"
"1257512","built","1925","1925","exact_year","","1925","1925-01-01T00:00:00Z","9","inception (P571)","Q22919983","Wikidata inception (P571) ""1925-01-01T00:00:00Z"" at year precision or finer","1.0.0"
"1257537","built","1775","1775","exact_year","","1775","1775-01-01T00:00:00Z","9","inception (P571)","Q17549846","Wikidata inception (P571) ""1775-01-01T00:00:00Z"" at year precision or finer","1.0.0"
"1257679","built","1796","1796","exact_year","","1796","1796-01-01T00:00:00Z","9","inception (P571)","Q2146269","Wikidata inception (P571) ""1796-01-01T00:00:00Z"" at year precision or finer","1.0.0"
"1257686","built","1101","1200","century","","12th century","1150-01-01T00:00:00Z","7","inception (P571)","Q17530619","Wikidata inception (P571) ""1150-01-01T00:00:00Z"" at century precision; read as the 12th century (1101–1200), not as a year","1.0.0"
"1257852","built","1892","1892","exact_year","","1892","1892-01-01T00:00:00Z","9","inception (P571)","Q8055361","Wikidata inception (P571) ""1892-01-01T00:00:00Z"" at year precision or finer","1.0.0"
"1257854","built","1911","1911","exact_year","","1911","1911-01-01T00:00:00Z","9","inception (P571)","Q26549171","Wikidata inception (P571) ""1911-01-01T00:00:00Z"" at year precision or finer","1.0.0"
"1257869","built","1864","1864","exact_year","","1864","1864-01-01T00:00:00Z","9","inception (P571)","Q7595635","Wikidata inception (P571) ""1864-01-01T00:00:00Z"" at year precision or finer","1.0.0"
"1257874","built","1905","1905","exact_year","","1905","1905-08-03T00:00:00Z","11","inception (P571)","Q111936599","Wikidata inception (P571) ""1905-08-03T00:00:00Z"" at year precision or finer","1.0.0"
"1257908","event","1902","1902","exact_year","","1902","1902-01-01T00:00:00Z","9","date of official opening (P1619)","Q5594856","Wikidata date of official opening (P1619) ""1902-01-01T00:00:00Z"" at year precision or finer","1.0.0"
"1258195","built","1101","1200","century","","12th century","1150-01-01T00:00:00Z","7","inception (P571)","Q17526167","Wikidata inception (P571) ""1150-01-01T00:00:00Z"" at century precision; read as the 12th century (1101–1200), not as a year","1.0.0"
"1258213","built","1952","1952","exact_year","","1952","1952-01-01T00:00:00Z","9","inception (P571)","Q17541469","Wikidata inception (P571) ""1952-01-01T00:00:00Z"" at year precision or finer","1.0.0"
"1258213","lost","2006","2006","exact_year","","2006","2006-01-01T00:00:00Z","9","dissolved, abolished or demolished (P576)","Q17541469","Wikidata dissolved, abolished or demolished (P576) ""2006-01-01T00:00:00Z"" at year precision or finer","1.0.0"
"1258237","built","1401","1500","century","","15th century","1450-01-01T00:00:00Z","7","inception (P571)","Q2363343","Wikidata inception (P571) ""1450-01-01T00:00:00Z"" at century precision; read as the 15th century (1401–1500), not as a year","1.0.0"
"1258242","built","1350","1350","exact_year","","1350","1350-01-01T00:00:00Z","9","inception (P571)","Q15209066","Wikidata inception (P571) ""1350-01-01T00:00:00Z"" at year precision or finer","1.0.0"
"1258245","built","1594","1594","exact_year","","1594","1594-01-01T00:00:00Z","9","inception (P571)","Q5635276","Wikidata inception (P571) ""1594-01-01T00:00:00Z"" at year precision or finer","1.0.0"
"1258481","built","1833","1833","exact_year","","1833","1833-01-01T00:00:00Z","9","inception (P571)","Q99662813","Wikidata inception (P571) ""1833-01-01T00:00:00Z"" at year precision or finer","1.0.0"
"1258906","event","1894","1894","exact_year","","1894","1894-01-01T00:00:00Z","9","date of official opening (P1619)","Q7777441","Wikidata date of official opening (P1619) ""1894-01-01T00:00:00Z"" at year precision or finer","1.0.0"
"1258906","altered","1955","1955","exact_year","","1955","1955-01-01T00:00:00Z","9","significant event (P793) — architectural reconstruction","Q7777441","Wikidata significant event (P793) — architectural reconstruction ""1955-01-01T00:00:00Z"" at year precision or finer","1.0.0"
"1258906","altered","1966","1966","exact_year","","1966","1966-01-01T00:00:00Z","9","significant event (P793) — architectural reconstruction","Q7777441","Wikidata significant event (P793) — architectural reconstruction ""1966-01-01T00:00:00Z"" at year precision or finer","1.0.0"
"1259121","event","1988","1988","exact_year","","1988","1988-01-01T00:00:00Z","9","significant event (P793) — moved building","Q26550268","Wikidata significant event (P793) — moved building ""1988-01-01T00:00:00Z"" at year precision or finer","1.0.0"
"1259136","event","1844","1844","exact_year","","1844","1844-01-01T00:00:00Z","9","date of official opening (P1619)","Q2703979","Wikidata date of official opening (P1619) ""1844-01-01T00:00:00Z"" at year precision or finer","1.0.0"
"1259136","event","1850","1850","exact_year","","1850","1850-01-01T00:00:00Z","9","date of official opening (P1619)","Q2703979","Wikidata date of official opening (P1619) ""1850-01-01T00:00:00Z"" at year precision or finer","1.0.0"
"1259204","built","1883","1883","exact_year","","1883","1883-01-01T00:00:00Z","9","inception (P571)","Q26550345","Wikidata inception (P571) ""1883-01-01T00:00:00Z"" at year precision or finer","1.0.0"
"1259262","built","1878","1878","exact_year","","1878","1878-01-01T00:00:00Z","9","inception (P571)","Q17530640","Wikidata inception (P571) ""1878-01-01T00:00:00Z"" at year precision or finer","1.0.0"
"1259325","built","1245","1245","exact_year","","1245","1245-01-01T00:00:00Z","9","inception (P571)","Q113551546","Wikidata inception (P571) ""1245-01-01T00:00:00Z"" at year precision or finer","1.0.0"
"1259477","built","1766","1766","exact_year","","1766","1766-01-01T00:00:00Z","9","inception (P571)","Q26550586","Wikidata inception (P571) ""1766-01-01T00:00:00Z"" at year precision or finer","1.0.0"
"1259503","built","1786","1786","exact_year","","1786","1786-01-01T00:00:00Z","9","inception (P571)","Q4857921","Wikidata inception (P571) ""1786-01-01T00:00:00Z"" at year precision or finer","1.0.0"
"1259548","built","901","1000","century","","10th century","0950-01-01T00:00:00Z","7","inception (P571)","Q514750","Wikidata inception (P571) ""0950-01-01T00:00:00Z"" at century precision; read as the 10th century (901–1000), not as a year","1.0.0"
"1259819","built","1931","1931","exact_year","","1931","1931-01-01T00:00:00Z","9","inception (P571)","Q26550904","Wikidata inception (P571) ""1931-01-01T00:00:00Z"" at year precision or finer","1.0.0"
"1260322","built","1750","1750","exact_year","","1750","1750-01-01T00:00:00Z","9","inception (P571)","Q3978364","Wikidata inception (P571) ""1750-01-01T00:00:00Z"" at year precision or finer","1.0.0"
"1260372","built","1801","1900","century","","19th century","1801-01-01T00:00:00Z","7","inception (P571)","Q26551391","Wikidata inception (P571) ""1801-01-01T00:00:00Z"" at century precision; read as the 19th century (1801–1900), not as a year","1.0.0"
"1261165","built","1801","1900","century","","19th century","1801-01-01T00:00:00Z","7","inception (P571)","Q26552136","Wikidata inception (P571) ""1801-01-01T00:00:00Z"" at century precision; read as the 19th century (1801–1900), not as a year","1.0.0"
"1261798","built","1801","1900","century","","19th century","1801-01-01T00:00:00Z","7","inception (P571)","Q26552723","Wikidata inception (P571) ""1801-01-01T00:00:00Z"" at century precision; read as the 19th century (1801–1900), not as a year","1.0.0"
"1261799","built","1649","1649","exact_year","","1649","1649-01-01T00:00:00Z","9","inception (P571)","Q17530544","Wikidata inception (P571) ""1649-01-01T00:00:00Z"" at year precision or finer","1.0.0"
"1261800","built","1801","1900","century","","19th century","1801-01-01T00:00:00Z","7","inception (P571)","Q26552724","Wikidata inception (P571) ""1801-01-01T00:00:00Z"" at century precision; read as the 19th century (1801–1900), not as a year","1.0.0"
"1261801","built","1801","1900","century","","19th century","1801-01-01T00:00:00Z","7","inception (P571)","Q26552725","Wikidata inception (P571) ""1801-01-01T00:00:00Z"" at century precision; read as the 19th century (1801–1900), not as a year","1.0.0"
"1261802","built","1801","1900","century","","19th century","1801-01-01T00:00:00Z","7","inception (P571)","Q26552726","Wikidata inception (P571) ""1801-01-01T00:00:00Z"" at century precision; read as the 19th century (1801–1900), not as a year","1.0.0"
"1262689","built","1830","1830","exact_year","","1830","1830-01-01T00:00:00Z","9","inception (P571)","Q26553549","Wikidata inception (P571) ""1830-01-01T00:00:00Z"" at year precision or finer","1.0.0"
"1262747","associated","410","1484","period","","Middle Ages","Q12554 (Middle Ages)","0","time period (P2348) — Middle Ages","Q26553603","Wikidata time period (P2348) = Q12554 (Middle Ages); classified BROADER_THAN_REGISTRY; spans early_medieval, norman and medieval; kept as a span rather than narrowed to one of them; years from the Whilom period registry, which is a navigation convention","1.0.0"
"1262753","built","1801","1900","century","","19th century","1801-01-01T00:00:00Z","7","inception (P571)","Q26553608","Wikidata inception (P571) ""1801-01-01T00:00:00Z"" at century precision; read as the 19th century (1801–1900), not as a year","1.0.0"
"1262754","built","1801","1900","century","","19th century","1801-01-01T00:00:00Z","7","inception (P571)","Q26553609","Wikidata inception (P571) ""1801-01-01T00:00:00Z"" at century precision; read as the 19th century (1801–1900), not as a year","1.0.0"
"1262941","built","1101","1200","century","","12th century","1101-01-01T00:00:00Z","7","inception (P571)","Q4797612","Wikidata inception (P571) ""1101-01-01T00:00:00Z"" at century precision; read as the 12th century (1101–1200), not as a year","1.0.0"
"1262941","lost","1540","1540","exact_year","","1540","1540-01-01T00:00:00Z","9","dissolved, abolished or demolished (P576)","Q4797612","Wikidata dissolved, abolished or demolished (P576) ""1540-01-01T00:00:00Z"" at year precision or finer","1.0.0"
"1263113","built","1801","1900","century","","19th century","1801-01-01T00:00:00Z","7","inception (P571)","Q26553923","Wikidata inception (P571) ""1801-01-01T00:00:00Z"" at century precision; read as the 19th century (1801–1900), not as a year","1.0.0"
"1263207","built","1927","1927","exact_year","","1927","1927-05-21T00:00:00Z","11","inception (P571)","Q20127937","Wikidata inception (P571) ""1927-05-21T00:00:00Z"" at year precision or finer","1.0.0"
"1263780","built","1101","1200","century","","12th century","1150-01-01T00:00:00Z","7","inception (P571)","Q17534329","Wikidata inception (P571) ""1150-01-01T00:00:00Z"" at century precision; read as the 12th century (1101–1200), not as a year","1.0.0"
"1264074","built","1801","1900","century","","19th century","1801-01-01T00:00:00Z","7","inception (P571)","Q26554809","Wikidata inception (P571) ""1801-01-01T00:00:00Z"" at century precision; read as the 19th century (1801–1900), not as a year","1.0.0"
"1264130","built","1801","1900","century","","19th century","1801-01-01T00:00:00Z","7","inception (P571)","Q26554859","Wikidata inception (P571) ""1801-01-01T00:00:00Z"" at century precision; read as the 19th century (1801–1900), not as a year","1.0.0"
"1264131","built","1801","1900","century","","19th century","1801-01-01T00:00:00Z","7","inception (P571)","Q26554860","Wikidata inception (P571) ""1801-01-01T00:00:00Z"" at century precision; read as the 19th century (1801–1900), not as a year","1.0.0"
"1265279","built","1701","1800","century","","18th century","1701-01-01T00:00:00Z","7","inception (P571)","Q26555886","Wikidata inception (P571) ""1701-01-01T00:00:00Z"" at century precision; read as the 18th century (1701–1800), not as a year","1.0.0"
"1265822","built","1801","1900","century","","19th century","1801-01-01T00:00:00Z","7","inception (P571)","Q26556377","Wikidata inception (P571) ""1801-01-01T00:00:00Z"" at century precision; read as the 19th century (1801–1900), not as a year","1.0.0"
"1266157","built","1401","1500","century","","15th century","1401-01-01T00:00:00Z","7","inception (P571)","Q4729322","Wikidata inception (P571) ""1401-01-01T00:00:00Z"" at century precision; read as the 15th century (1401–1500), not as a year","1.0.0"
"1266159","built","1801","1900","century","","19th century","1801-01-01T00:00:00Z","7","inception (P571)","Q26556675","Wikidata inception (P571) ""1801-01-01T00:00:00Z"" at century precision; read as the 19th century (1801–1900), not as a year","1.0.0"
"1267351","built","1801","1900","century","","19th century","1801-01-01T00:00:00Z","7","inception (P571)","Q26557755","Wikidata inception (P571) ""1801-01-01T00:00:00Z"" at century precision; read as the 19th century (1801–1900), not as a year","1.0.0"
"1268151","event","1930","1930","exact_year","","1930","1930-11-14T00:00:00Z","11","date of official opening (P1619)","Q26558494","Wikidata date of official opening (P1619) ""1930-11-14T00:00:00Z"" at year precision or finer","1.0.0"
"1268151","built","1929","1929","exact_year","","1929","1929-01-01T00:00:00Z","9","inception (P571)","Q26558494","Wikidata inception (P571) ""1929-01-01T00:00:00Z"" at year precision or finer","1.0.0"
"1268450","built","1701","1800","century","","18th century","1701-01-01T00:00:00Z","7","inception (P571)","Q26558758","Wikidata inception (P571) ""1701-01-01T00:00:00Z"" at century precision; read as the 18th century (1701–1800), not as a year","1.0.0"
"1272893","built","1905","1905","exact_year","","1905","1905-01-01T00:00:00Z","9","inception (P571)","Q26562695","Wikidata inception (P571) ""1905-01-01T00:00:00Z"" at year precision or finer","1.0.0"
"1273056","built","1779","1779","exact_year","","1779","1779-01-01T00:00:00Z","9","inception (P571)","Q5642211","Wikidata inception (P571) ""1779-01-01T00:00:00Z"" at year precision or finer","1.0.0"
"1273293","built","1829","1829","exact_year","","1829","1829-01-01T00:00:00Z","9","inception (P571)","Q7370709","Wikidata inception (P571) ""1829-01-01T00:00:00Z"" at year precision or finer","1.0.0"
"1277673","event","1848","1848","exact_year","","1848","1848-01-01T00:00:00Z","9","date of official opening (P1619)","Q2848537","Wikidata date of official opening (P1619) ""1848-01-01T00:00:00Z"" at year precision or finer","1.0.0"
"1277673","event","1851","1851","exact_year","","1851","1851-01-01T00:00:00Z","9","date of official opening (P1619)","Q2848537","Wikidata date of official opening (P1619) ""1851-01-01T00:00:00Z"" at year precision or finer","1.0.0"
"1279286","built","1701","1800","century","","18th century","1701-01-01T00:00:00Z","7","inception (P571)","Q26568517","Wikidata inception (P571) ""1701-01-01T00:00:00Z"" at century precision; read as the 18th century (1701–1800), not as a year","1.0.0"
"1282432","built","1701","1800","century","","18th century","1701-01-01T00:00:00Z","7","inception (P571)","Q26571374","Wikidata inception (P571) ""1701-01-01T00:00:00Z"" at century precision; read as the 18th century (1701–1800), not as a year","1.0.0"
"1282508","built","2001","2100","century","","21st century","2001-01-01T00:00:00Z","7","inception (P571)","Q26683369","Wikidata inception (P571) ""2001-01-01T00:00:00Z"" at century precision; read as the 21st century (2001–2100), not as a year","1.0.0"
"1283441","built","1801","1900","century","","19th century","1801-01-01T00:00:00Z","7","inception (P571)","Q26572292","Wikidata inception (P571) ""1801-01-01T00:00:00Z"" at century precision; read as the 19th century (1801–1900), not as a year","1.0.0"
"1287781","built","1201","1300","century","","13th century","1250-01-01T00:00:00Z","7","inception (P571)","Q17534343","Wikidata inception (P571) ""1250-01-01T00:00:00Z"" at century precision; read as the 13th century (1201–1300), not as a year","1.0.0"
"1288450","built","1201","1300","century","","13th century","1250-01-01T00:00:00Z","7","inception (P571)","Q17537982","Wikidata inception (P571) ""1250-01-01T00:00:00Z"" at century precision; read as the 13th century (1201–1300), not as a year","1.0.0"
"1288545","built","1701","1800","century","","18th century","1701-01-01T00:00:00Z","7","inception (P571)","Q26576930","Wikidata inception (P571) ""1701-01-01T00:00:00Z"" at century precision; read as the 18th century (1701–1800), not as a year","1.0.0"
"1292248","event","2015","2015","exact_year","","2015","2015-04-15T00:00:00Z","11","significant event (P793) — conflagration","Q26580280","Wikidata significant event (P793) — conflagration ""2015-04-15T00:00:00Z"" at year precision or finer","1.0.0"
"1292280","built","1300","1300","exact_year","","1300","1300-01-01T00:00:00Z","9","inception (P571)","Q5886523","Wikidata inception (P571) ""1300-01-01T00:00:00Z"" at year precision or finer","1.0.0"
"1293238","built","1347","1347","exact_year","","1347","1347-01-01T00:00:00Z","9","inception (P571)","Q17528562","Wikidata inception (P571) ""1347-01-01T00:00:00Z"" at year precision or finer","1.0.0"
"1293701","built","1801","1900","century","","19th century","1801-01-01T00:00:00Z","7","inception (P571)","Q26581613","Wikidata inception (P571) ""1801-01-01T00:00:00Z"" at century precision; read as the 19th century (1801–1900), not as a year","1.0.0"
"1293930","built","1101","1200","century","","12th century","1101-01-01T00:00:00Z","7","inception (P571)","Q17538227","Wikidata inception (P571) ""1101-01-01T00:00:00Z"" at century precision; read as the 12th century (1101–1200), not as a year","1.0.0"
"1294221","built","1201","1300","century","","13th century","1300-01-01T00:00:00Z","7","inception (P571)","Q96269875","Wikidata inception (P571) ""1300-01-01T00:00:00Z"" at century precision; read as the 13th century (1201–1300), not as a year","1.0.0"
"1294328","built","1101","1200","century","","12th century","1150-01-01T00:00:00Z","7","inception (P571)","Q17538161","Wikidata inception (P571) ""1150-01-01T00:00:00Z"" at century precision; read as the 12th century (1101–1200), not as a year","1.0.0"
"1294634","built","1101","1200","century","","12th century","1150-01-01T00:00:00Z","7","inception (P571)","Q15978865","Wikidata inception (P571) ""1150-01-01T00:00:00Z"" at century precision; read as the 12th century (1101–1200), not as a year","1.0.0"
"1294664","built","1801","1900","century","","19th century","1801-01-01T00:00:00Z","7","inception (P571)","Q26582473","Wikidata inception (P571) ""1801-01-01T00:00:00Z"" at century precision; read as the 19th century (1801–1900), not as a year","1.0.0"
"1294728","built","1401","1500","century","","15th century","1401-01-01T00:00:00Z","7","inception (P571)","Q7594424","Wikidata inception (P571) ""1401-01-01T00:00:00Z"" at century precision; read as the 15th century (1401–1500), not as a year","1.0.0"
"1295590","built","1701","1800","century","","18th century","1701-01-01T00:00:00Z","7","inception (P571)","Q26583309","Wikidata inception (P571) ""1701-01-01T00:00:00Z"" at century precision; read as the 18th century (1701–1800), not as a year","1.0.0"
"1295655","built","1801","1900","century","","19th century","1801-01-01T00:00:00Z","7","inception (P571)","Q26583368","Wikidata inception (P571) ""1801-01-01T00:00:00Z"" at century precision; read as the 19th century (1801–1900), not as a year","1.0.0"
"1295657","built","1877","1877","exact_year","","1877","1877-01-01T00:00:00Z","9","inception (P571)","Q93253922","Wikidata inception (P571) ""1877-01-01T00:00:00Z"" at year precision or finer","1.0.0"
"1295689","built","1845","1845","exact_year","","1845","1845-01-01T00:00:00Z","9","inception (P571)","Q26583398","Wikidata inception (P571) ""1845-01-01T00:00:00Z"" at year precision or finer","1.0.0"
"1295776","built","1001","1100","century","","11th century","1050-01-01T00:00:00Z","7","inception (P571)","Q17525601","Wikidata inception (P571) ""1050-01-01T00:00:00Z"" at century precision; read as the 11th century (1001–1100), not as a year","1.0.0"
"1295813","built","1801","1900","century","","19th century","1801-01-01T00:00:00Z","7","inception (P571)","Q26583513","Wikidata inception (P571) ""1801-01-01T00:00:00Z"" at century precision; read as the 19th century (1801–1900), not as a year","1.0.0"
"1296318","built","2001","2100","century","","21st century","2001-01-01T00:00:00Z","7","inception (P571)","Q26583981","Wikidata inception (P571) ""2001-01-01T00:00:00Z"" at century precision; read as the 21st century (2001–2100), not as a year","1.0.0"
"1296322","built","1200","1200","exact_year","","1200","1200-01-01T00:00:00Z","9","inception (P571)","Q5885125","Wikidata inception (P571) ""1200-01-01T00:00:00Z"" at year precision or finer","1.0.0"
"1296341","built","1801","1900","century","","19th century","1900-01-01T00:00:00Z","7","inception (P571)","Q26584002","Wikidata inception (P571) ""1900-01-01T00:00:00Z"" at century precision; read as the 19th century (1801–1900), not as a year","1.0.0"
"1296495","built","1856","1856","exact_year","","1856","1856-01-01T00:00:00Z","9","inception (P571)","Q17538229","Wikidata inception (P571) ""1856-01-01T00:00:00Z"" at year precision or finer","1.0.0"
"1296551","built","1001","1100","century","","11th century","1050-01-01T00:00:00Z","7","inception (P571)","Q17525633","Wikidata inception (P571) ""1050-01-01T00:00:00Z"" at century precision; read as the 11th century (1001–1100), not as a year","1.0.0"
"1296564","built","1101","1200","century","","12th century","1101-01-01T00:00:00Z","7","inception (P571)","Q17526177","Wikidata inception (P571) ""1101-01-01T00:00:00Z"" at century precision; read as the 12th century (1101–1200), not as a year","1.0.0"
"1296630","built","1301","1400","century","","14th century","1350-01-01T00:00:00Z","7","inception (P571)","Q17526339","Wikidata inception (P571) ""1350-01-01T00:00:00Z"" at century precision; read as the 14th century (1301–1400), not as a year","1.0.0"
"1296769","built","1201","1300","century","","13th century","1250-01-01T00:00:00Z","7","inception (P571)","Q17526345","Wikidata inception (P571) ""1250-01-01T00:00:00Z"" at century precision; read as the 13th century (1201–1300), not as a year","1.0.0"
"1296796","built","1801","1900","century","","19th century","1801-01-01T00:00:00Z","7","inception (P571)","Q26584426","Wikidata inception (P571) ""1801-01-01T00:00:00Z"" at century precision; read as the 19th century (1801–1900), not as a year","1.0.0"
"1296820","built","1801","1900","century","","19th century","1801-01-01T00:00:00Z","7","inception (P571)","Q26584449","Wikidata inception (P571) ""1801-01-01T00:00:00Z"" at century precision; read as the 19th century (1801–1900), not as a year","1.0.0"
"1296832","built","1801","1900","century","","19th century","1801-01-01T00:00:00Z","7","inception (P571)","Q26584461","Wikidata inception (P571) ""1801-01-01T00:00:00Z"" at century precision; read as the 19th century (1801–1900), not as a year","1.0.0"
"1296904","built","1145","1145","exact_year","","1145","1145-01-01T00:00:00Z","9","inception (P571)","Q17526351","Wikidata inception (P571) ""1145-01-01T00:00:00Z"" at year precision or finer","1.0.0"
"1299423","built","1909","1909","exact_year","","1909","1909-01-01T00:00:00Z","9","inception (P571)","Q26474617","Wikidata inception (P571) ""1909-01-01T00:00:00Z"" at year precision or finer","1.0.0"
"1299454","built","1840","1840","exact_year","","1840","1840-01-01T00:00:00Z","9","inception (P571)","Q26424331","Wikidata inception (P571) ""1840-01-01T00:00:00Z"" at year precision or finer","1.0.0"
"1299786","built","1801","1900","century","","19th century","1801-01-01T00:00:00Z","7","inception (P571)","Q26587149","Wikidata inception (P571) ""1801-01-01T00:00:00Z"" at century precision; read as the 19th century (1801–1900), not as a year","1.0.0"
"1299948","built","1875","1875","exact_year","","1875","1875-01-01T00:00:00Z","9","inception (P571)","Q26587295","Wikidata inception (P571) ""1875-01-01T00:00:00Z"" at year precision or finer","1.0.0"
"1300319","built","1912","1912","exact_year","","1912","1912-01-01T00:00:00Z","9","inception (P571)","Q26587631","Wikidata inception (P571) ""1912-01-01T00:00:00Z"" at year precision or finer","1.0.0"
"1300337","built","1701","1800","century","","18th century","1701-01-01T00:00:00Z","7","inception (P571)","Q26587649","Wikidata inception (P571) ""1701-01-01T00:00:00Z"" at century precision; read as the 18th century (1701–1800), not as a year","1.0.0"
"1300394","event","1848","1848","exact_year","","1848","1848-01-01T00:00:00Z","9","date of official opening (P1619)","Q2038243","Wikidata date of official opening (P1619) ""1848-01-01T00:00:00Z"" at year precision or finer","1.0.0"
"1300442","built","1879","1879","exact_year","","1879","1879-01-01T00:00:00Z","9","inception (P571)","Q106748089","Wikidata inception (P571) ""1879-01-01T00:00:00Z"" at year precision or finer","1.0.0"
"1300472","built","1648","1648","exact_year","","1648","1648-01-01T00:00:00Z","9","inception (P571)","Q15224191","Wikidata inception (P571) ""1648-01-01T00:00:00Z"" at year precision or finer","1.0.0"
"1300472","built","1985","1985","exact_year","","1985","1985-09-05T00:00:00Z","11","inception (P571)","Q15224191","Wikidata inception (P571) ""1985-09-05T00:00:00Z"" at year precision or finer","1.0.0"
"1300576","event","1865","1865","exact_year","","1865","1865-08-01T00:00:00Z","11","date of official opening (P1619)","Q2295224","Wikidata date of official opening (P1619) ""1865-08-01T00:00:00Z"" at year precision or finer","1.0.0"
"1300976","built","1801","1900","century","","19th century","1801-01-01T00:00:00Z","7","inception (P571)","Q26588247","Wikidata inception (P571) ""1801-01-01T00:00:00Z"" at century precision; read as the 19th century (1801–1900), not as a year","1.0.0"
"1301027","built","1801","1900","century","","19th century","1801-01-01T00:00:00Z","7","inception (P571)","Q26588298","Wikidata inception (P571) ""1801-01-01T00:00:00Z"" at century precision; read as the 19th century (1801–1900), not as a year","1.0.0"
"1301146","built","1801","1900","century","","19th century","1801-01-01T00:00:00Z","7","inception (P571)","Q26588410","Wikidata inception (P571) ""1801-01-01T00:00:00Z"" at century precision; read as the 19th century (1801–1900), not as a year","1.0.0"
"1301384","associated","410","1484","period","","Middle Ages","Q12554 (Middle Ages)","0","time period (P2348) — Middle Ages","Q17670069","Wikidata time period (P2348) = Q12554 (Middle Ages); classified BROADER_THAN_REGISTRY; spans early_medieval, norman and medieval; kept as a span rather than narrowed to one of them; years from the Whilom period registry, which is a navigation convention","1.0.0"
"1301472","built","1101","1200","century","","12th century","1150-01-01T00:00:00Z","7","inception (P571)","Q17538280","Wikidata inception (P571) ""1150-01-01T00:00:00Z"" at century precision; read as the 12th century (1101–1200), not as a year","1.0.0"
"1301945","built","1101","1200","century","","12th century","1150-01-01T00:00:00Z","7","inception (P571)","Q17538291","Wikidata inception (P571) ""1150-01-01T00:00:00Z"" at century precision; read as the 12th century (1101–1200), not as a year","1.0.0"
"1301991","built","1101","1200","century","","12th century","1150-01-01T00:00:00Z","7","inception (P571)","Q17538296","Wikidata inception (P571) ""1150-01-01T00:00:00Z"" at century precision; read as the 12th century (1101–1200), not as a year","1.0.0"
"1302053","built","1887","1887","exact_year","","1887","1887-01-01T00:00:00Z","9","inception (P571)","Q26589255","Wikidata inception (P571) ""1887-01-01T00:00:00Z"" at year precision or finer","1.0.0"
"1308328","built","1901","1901","exact_year","","1901","1901-01-01T00:00:00Z","9","inception (P571)","Q26594945","Wikidata inception (P571) ""1901-01-01T00:00:00Z"" at year precision or finer","1.0.0"
"1308339","built","1801","1900","century","","19th century","1801-01-01T00:00:00Z","7","inception (P571)","Q26594955","Wikidata inception (P571) ""1801-01-01T00:00:00Z"" at century precision; read as the 19th century (1801–1900), not as a year","1.0.0"
"1309840","built","1101","1200","century","","12th century","1150-01-01T00:00:00Z","7","inception (P571)","Q17534354","Wikidata inception (P571) ""1150-01-01T00:00:00Z"" at century precision; read as the 12th century (1101–1200), not as a year","1.0.0"
"1309850","built","1101","1200","century","","12th century","1150-01-01T00:00:00Z","7","inception (P571)","Q17534363","Wikidata inception (P571) ""1150-01-01T00:00:00Z"" at century precision; read as the 12th century (1101–1200), not as a year","1.0.0"
"1309912","built","1870","1870","exact_year","","1870","1870-01-01T00:00:00Z","9","inception (P571)","Q26596387","Wikidata inception (P571) ""1870-01-01T00:00:00Z"" at year precision or finer","1.0.0"
"1309966","built","1101","1200","century","","12th century","1150-01-01T00:00:00Z","7","inception (P571)","Q17534373","Wikidata inception (P571) ""1150-01-01T00:00:00Z"" at century precision; read as the 12th century (1101–1200), not as a year","1.0.0"
"1310431","built","1101","1200","century","","12th century","1150-01-01T00:00:00Z","7","inception (P571)","Q17534383","Wikidata inception (P571) ""1150-01-01T00:00:00Z"" at century precision; read as the 12th century (1101–1200), not as a year","1.0.0"
"1310465","built","1101","1200","century","","12th century","1150-01-01T00:00:00Z","7","inception (P571)","Q17534394","Wikidata inception (P571) ""1150-01-01T00:00:00Z"" at century precision; read as the 12th century (1101–1200), not as a year","1.0.0"
"1310699","built","1101","1200","century","","12th century","1150-01-01T00:00:00Z","7","inception (P571)","Q17534418","Wikidata inception (P571) ""1150-01-01T00:00:00Z"" at century precision; read as the 12th century (1101–1200), not as a year","1.0.0"
"1313170","built","1801","1900","century","","19th century","1801-01-01T00:00:00Z","7","inception (P571)","Q26599615","Wikidata inception (P571) ""1801-01-01T00:00:00Z"" at century precision; read as the 19th century (1801–1900), not as a year","1.0.0"
"1313204","built","1861","1861","exact_year","","1861","1861-01-01T00:00:00Z","9","inception (P571)","Q26599647","Wikidata inception (P571) ""1861-01-01T00:00:00Z"" at year precision or finer","1.0.0"
"1313208","built","1801","1900","century","","19th century","1801-01-01T00:00:00Z","7","inception (P571)","Q26599651","Wikidata inception (P571) ""1801-01-01T00:00:00Z"" at century precision; read as the 19th century (1801–1900), not as a year","1.0.0"
"1313210","built","1201","1300","century","","13th century","1250-01-01T00:00:00Z","7","inception (P571)","Q17528217","Wikidata inception (P571) ""1250-01-01T00:00:00Z"" at century precision; read as the 13th century (1201–1300), not as a year","1.0.0"
"1313268","built","1904","1904","exact_year","","1904","1904-01-01T00:00:00Z","9","inception (P571)","Q99741692","Wikidata inception (P571) ""1904-01-01T00:00:00Z"" at year precision or finer","1.0.0"
"1313269","built","1967","1967","exact_year","","1967","1967-01-01T00:00:00Z","9","inception (P571)","Q17550391","Wikidata inception (P571) ""1967-01-01T00:00:00Z"" at year precision or finer","1.0.0"
"1313285","built","1760","1760","exact_year","","1760","1760-01-01T00:00:00Z","9","inception (P571)","Q17550396","Wikidata inception (P571) ""1760-01-01T00:00:00Z"" at year precision or finer","1.0.0"
"1313305","associated","410","1484","period","","Middle Ages","Q12554 (Middle Ages)","0","time period (P2348) — Middle Ages","Q17548175","Wikidata time period (P2348) = Q12554 (Middle Ages); classified BROADER_THAN_REGISTRY; spans early_medieval, norman and medieval; kept as a span rather than narrowed to one of them; years from the Whilom period registry, which is a navigation convention","1.0.0"
"1313355","built","1801","1900","century","","19th century","1801-01-01T00:00:00Z","7","inception (P571)","Q26599790","Wikidata inception (P571) ""1801-01-01T00:00:00Z"" at century precision; read as the 19th century (1801–1900), not as a year","1.0.0"
"1313478","built","1921","1921","exact_year","","1921","1921-01-01T00:00:00Z","9","inception (P571)","Q26599919","Wikidata inception (P571) ""1921-01-01T00:00:00Z"" at year precision or finer","1.0.0"
"1313488","built","1847","1847","exact_year","","1847","1847-01-01T00:00:00Z","9","inception (P571)","Q26551797","Wikidata inception (P571) ""1847-01-01T00:00:00Z"" at year precision or finer","1.0.0"
"1313646","built","1847","1847","exact_year","","1847","1847-01-01T00:00:00Z","9","inception (P571)","Q26600090","Wikidata inception (P571) ""1847-01-01T00:00:00Z"" at year precision or finer","1.0.0"
"1313678","built","1892","1892","exact_year","","1892","1892-01-01T00:00:00Z","9","inception (P571)","Q660470","Wikidata inception (P571) ""1892-01-01T00:00:00Z"" at year precision or finer","1.0.0"
"1313699","built","1906","1906","exact_year","","1906","1906-01-01T00:00:00Z","9","inception (P571)","Q26600148","Wikidata inception (P571) ""1906-01-01T00:00:00Z"" at year precision or finer","1.0.0"
"1313775","built","1763","1763","exact_year","","1763","1763-01-01T00:00:00Z","9","inception (P571)","Q17527254","Wikidata inception (P571) ""1763-01-01T00:00:00Z"" at year precision or finer","1.0.0"
"1313854","built","1775","1775","exact_year","","1775","1775-01-01T00:00:00Z","9","inception (P571)","Q26600303","Wikidata inception (P571) ""1775-01-01T00:00:00Z"" at year precision or finer","1.0.0"
"1313854","lost","1818","1818","exact_year","","1818","1818-01-01T00:00:00Z","9","dissolved, abolished or demolished (P576)","Q26600303","Wikidata dissolved, abolished or demolished (P576) ""1818-01-01T00:00:00Z"" at year precision or finer","1.0.0"
"1313918","built","1843","1843","exact_year","","1843","1843-01-01T00:00:00Z","9","inception (P571)","Q26600370","Wikidata inception (P571) ""1843-01-01T00:00:00Z"" at year precision or finer","1.0.0"
"1313926","built","1801","1900","century","","19th century","1801-01-01T00:00:00Z","7","inception (P571)","Q26600378","Wikidata inception (P571) ""1801-01-01T00:00:00Z"" at century precision; read as the 19th century (1801–1900), not as a year","1.0.0"
"1313962","event","1867","1867","exact_year","","1867","1867-01-01T00:00:00Z","9","date of official opening (P1619)","Q7074337","Wikidata date of official opening (P1619) ""1867-01-01T00:00:00Z"" at year precision or finer","1.0.0"
"1313971","built","1840","1840","exact_year","","1840","1840-01-01T00:00:00Z","9","inception (P571)","Q26600422","Wikidata inception (P571) ""1840-01-01T00:00:00Z"" at year precision or finer","1.0.0"
"1313982","built","1801","1900","century","","19th century","1801-01-01T00:00:00Z","7","inception (P571)","Q26600433","Wikidata inception (P571) ""1801-01-01T00:00:00Z"" at century precision; read as the 19th century (1801–1900), not as a year","1.0.0"
"1314011","built","1875","1875","exact_year","","1875","1875-01-01T00:00:00Z","9","inception (P571)","Q26600460","Wikidata inception (P571) ""1875-01-01T00:00:00Z"" at year precision or finer","1.0.0"
"1314017","built","1823","1823","exact_year","","1823","1823-01-01T00:00:00Z","9","inception (P571)","Q17542999","Wikidata inception (P571) ""1823-01-01T00:00:00Z"" at year precision or finer","1.0.0"
"1314024","built","1863","1863","exact_year","","1863","1863-01-01T00:00:00Z","9","inception (P571)","Q5642260","Wikidata inception (P571) ""1863-01-01T00:00:00Z"" at year precision or finer","1.0.0"
"1314027","built","1201","1300","century","","13th century","1250-01-01T00:00:00Z","7","inception (P571)","Q4729651","Wikidata inception (P571) ""1250-01-01T00:00:00Z"" at century precision; read as the 13th century (1201–1300), not as a year","1.0.0"
"1314037","built","1801","1900","century","","19th century","1801-01-01T00:00:00Z","7","inception (P571)","Q26600482","Wikidata inception (P571) ""1801-01-01T00:00:00Z"" at century precision; read as the 19th century (1801–1900), not as a year","1.0.0"
"1314039","built","1501","1600","century","","16th century","1600-01-01T00:00:00Z","7","inception (P571)","Q79400661","Wikidata inception (P571) ""1600-01-01T00:00:00Z"" at century precision; read as the 16th century (1501–1600), not as a year","1.0.0"
"1314062","built","1801","1900","century","","19th century","1801-01-01T00:00:00Z","7","inception (P571)","Q26600504","Wikidata inception (P571) ""1801-01-01T00:00:00Z"" at century precision; read as the 19th century (1801–1900), not as a year","1.0.0"
"1314079","built","1801","1900","century","","19th century","1801-01-01T00:00:00Z","7","inception (P571)","Q26600521","Wikidata inception (P571) ""1801-01-01T00:00:00Z"" at century precision; read as the 19th century (1801–1900), not as a year","1.0.0"
"1314092","built","1801","1900","century","","19th century","1801-01-01T00:00:00Z","7","inception (P571)","Q26600534","Wikidata inception (P571) ""1801-01-01T00:00:00Z"" at century precision; read as the 19th century (1801–1900), not as a year","1.0.0"
"1314121","lost","2016","2016","exact_year","","2016","2016-01-01T00:00:00Z","9","significant event (P793) — demolition","Q26600565","Wikidata significant event (P793) — demolition ""2016-01-01T00:00:00Z"" at year precision or finer","1.0.0"
"1314154","built","1801","1900","century","","19th century","1801-01-01T00:00:00Z","7","inception (P571)","Q26600599","Wikidata inception (P571) ""1801-01-01T00:00:00Z"" at century precision; read as the 19th century (1801–1900), not as a year","1.0.0"
"1314155","built","1801","1900","century","","19th century","1801-01-01T00:00:00Z","7","inception (P571)","Q26600600","Wikidata inception (P571) ""1801-01-01T00:00:00Z"" at century precision; read as the 19th century (1801–1900), not as a year","1.0.0"
"1314265","built","1801","1900","century","","19th century","1801-01-01T00:00:00Z","7","inception (P571)","Q26600708","Wikidata inception (P571) ""1801-01-01T00:00:00Z"" at century precision; read as the 19th century (1801–1900), not as a year","1.0.0"
"1314387","built","1884","1884","exact_year","","1884","1884-01-01T00:00:00Z","9","inception (P571)","Q26600832","Wikidata inception (P571) ""1884-01-01T00:00:00Z"" at year precision or finer","1.0.0"
"1314554","event","1914","1914","exact_year","","1914","1914-01-01T00:00:00Z","9","date of official opening (P1619)","Q4954584","Wikidata date of official opening (P1619) ""1914-01-01T00:00:00Z"" at year precision or finer","1.0.0"
"1314554","built","1914","1914","exact_year","","1914","1914-01-01T00:00:00Z","9","inception (P571)","Q4954584","Wikidata inception (P571) ""1914-01-01T00:00:00Z"" at year precision or finer","1.0.0"
"1314928","built","1801","1900","century","","19th century","1801-01-01T00:00:00Z","7","inception (P571)","Q26601344","Wikidata inception (P571) ""1801-01-01T00:00:00Z"" at century precision; read as the 19th century (1801–1900), not as a year","1.0.0"
"1314935","built","1401","1500","century","","15th century","1401-01-01T00:00:00Z","7","inception (P571)","Q17538165","Wikidata inception (P571) ""1401-01-01T00:00:00Z"" at century precision; read as the 15th century (1401–1500), not as a year","1.0.0"
"1314935","built","1430","1430","exact_year","","1430","1430-01-01T00:00:00Z","9","inception (P571)","Q17538165","Wikidata inception (P571) ""1430-01-01T00:00:00Z"" at year precision or finer","1.0.0"
"1314970","built","1801","1900","century","","19th century","1801-01-01T00:00:00Z","7","inception (P571)","Q26601384","Wikidata inception (P571) ""1801-01-01T00:00:00Z"" at century precision; read as the 19th century (1801–1900), not as a year","1.0.0"
"1314989","built","1712","1712","exact_year","","1712","1712-01-01T00:00:00Z","9","inception (P571)","Q26601401","Wikidata inception (P571) ""1712-01-01T00:00:00Z"" at year precision or finer","1.0.0"
"1315088","built","1301","1400","century","","14th century","1350-01-01T00:00:00Z","7","inception (P571)","Q17538169","Wikidata inception (P571) ""1350-01-01T00:00:00Z"" at century precision; read as the 14th century (1301–1400), not as a year","1.0.0"
"1315090","associated","410","1484","period","","Middle Ages","Q12554 (Middle Ages)","0","time period (P2348) — Middle Ages","Q26601494","Wikidata time period (P2348) = Q12554 (Middle Ages); classified BROADER_THAN_REGISTRY; spans early_medieval, norman and medieval; kept as a span rather than narrowed to one of them; years from the Whilom period registry, which is a navigation convention","1.0.0"
"1315093","built","1101","1200","century","","12th century","1150-01-01T00:00:00Z","7","inception (P571)","Q17538171","Wikidata inception (P571) ""1150-01-01T00:00:00Z"" at century precision; read as the 12th century (1101–1200), not as a year","1.0.0"
"1315123","built","1301","1400","century","","14th century","1301-01-01T00:00:00Z","7","inception (P571)","Q12062111","Wikidata inception (P571) ""1301-01-01T00:00:00Z"" at century precision; read as the 14th century (1301–1400), not as a year","1.0.0"
"1315123","lost","1539","1539","exact_year","","1539","1539-01-01T00:00:00Z","9","dissolved, abolished or demolished (P576)","Q12062111","Wikidata dissolved, abolished or demolished (P576) ""1539-01-01T00:00:00Z"" at year precision or finer","1.0.0"
"1315164","built","1401","1500","century","","15th century","1450-01-01T00:00:00Z","7","inception (P571)","Q17538173","Wikidata inception (P571) ""1450-01-01T00:00:00Z"" at century precision; read as the 15th century (1401–1500), not as a year","1.0.0"
"1315172","built","1801","1900","century","","19th century","1801-01-01T00:00:00Z","7","inception (P571)","Q26601569","Wikidata inception (P571) ""1801-01-01T00:00:00Z"" at century precision; read as the 19th century (1801–1900), not as a year","1.0.0"
"1315184","built","1968","1968","exact_year","","1968","1968-01-01T00:00:00Z","9","inception (P571)","Q7487951","Wikidata inception (P571) ""1968-01-01T00:00:00Z"" at year precision or finer","1.0.0"
"1315190","built","1101","1200","century","","12th century","1150-01-01T00:00:00Z","7","inception (P571)","Q17538175","Wikidata inception (P571) ""1150-01-01T00:00:00Z"" at century precision; read as the 12th century (1101–1200), not as a year","1.0.0"
"1315254","built","1851","1851","exact_year","","1851","1851-01-01T00:00:00Z","9","inception (P571)","Q17535971","Wikidata inception (P571) ""1851-01-01T00:00:00Z"" at year precision or finer","1.0.0"
"1315267","built","1871","1871","exact_year","","1871","1871-01-01T00:00:00Z","9","inception (P571)","Q7594235","Wikidata inception (P571) ""1871-01-01T00:00:00Z"" at year precision or finer","1.0.0"
"1315306","built","1801","1900","century","","19th century","1801-01-01T00:00:00Z","7","inception (P571)","Q26601692","Wikidata inception (P571) ""1801-01-01T00:00:00Z"" at century precision; read as the 19th century (1801–1900), not as a year","1.0.0"
"1315338","built","1801","1900","century","","19th century","1801-01-01T00:00:00Z","7","inception (P571)","Q26601724","Wikidata inception (P571) ""1801-01-01T00:00:00Z"" at century precision; read as the 19th century (1801–1900), not as a year","1.0.0"
"1315340","event","1848","1848","exact_year","","1848","1848-09-01T00:00:00Z","11","date of official opening (P1619)","Q26601726","Wikidata date of official opening (P1619) ""1848-09-01T00:00:00Z"" at year precision or finer","1.0.0"
"1315364","built","1801","1900","century","","19th century","1801-01-01T00:00:00Z","7","inception (P571)","Q26601748","Wikidata inception (P571) ""1801-01-01T00:00:00Z"" at century precision; read as the 19th century (1801–1900), not as a year","1.0.0"
"1315379","built","1101","1200","century","","12th century","1150-01-01T00:00:00Z","7","inception (P571)","Q17538230","Wikidata inception (P571) ""1150-01-01T00:00:00Z"" at century precision; read as the 12th century (1101–1200), not as a year","1.0.0"
"1315383","built","1660","1660","exact_year","","1660","1660-01-01T00:00:00Z","9","inception (P571)","Q17536616","Wikidata inception (P571) ""1660-01-01T00:00:00Z"" at year precision or finer","1.0.0"
"1315383","lost","1536","1536","exact_year","","1536","1536-01-01T00:00:00Z","9","dissolved, abolished or demolished (P576)","Q17536616","Wikidata dissolved, abolished or demolished (P576) ""1536-01-01T00:00:00Z"" at year precision or finer","1.0.0"
"1315388","built","1101","1200","century","","12th century","1150-01-01T00:00:00Z","7","inception (P571)","Q17538231","Wikidata inception (P571) ""1150-01-01T00:00:00Z"" at century precision; read as the 12th century (1101–1200), not as a year","1.0.0"
"1315396","built","1801","1900","century","","19th century","1801-01-01T00:00:00Z","7","inception (P571)","Q26601772","Wikidata inception (P571) ""1801-01-01T00:00:00Z"" at century precision; read as the 19th century (1801–1900), not as a year","1.0.0"
"1315406","built","1871","1871","exact_year","","1871","1871-01-01T00:00:00Z","9","inception (P571)","Q5116852","Wikidata inception (P571) ""1871-01-01T00:00:00Z"" at year precision or finer","1.0.0"
"1315413","built","1801","1900","century","","19th century","1801-01-01T00:00:00Z","7","inception (P571)","Q26601788","Wikidata inception (P571) ""1801-01-01T00:00:00Z"" at century precision; read as the 19th century (1801–1900), not as a year","1.0.0"
"1315417","built","1401","1500","century","","15th century","1401-01-01T00:00:00Z","7","inception (P571)","Q7594758","Wikidata inception (P571) ""1401-01-01T00:00:00Z"" at century precision; read as the 15th century (1401–1500), not as a year","1.0.0"
"1315453","built","1755","1755","exact_year","","1755","1755-01-01T00:00:00Z","9","inception (P571)","Q26443475","Wikidata inception (P571) ""1755-01-01T00:00:00Z"" at year precision or finer","1.0.0"
"1315485","built","1685","1685","exact_year","","1685","1685-01-01T00:00:00Z","9","inception (P571)","Q17536647","Wikidata inception (P571) ""1685-01-01T00:00:00Z"" at year precision or finer","1.0.0"
"1315492","built","1702","1702","exact_year","","1702","1702-01-01T00:00:00Z","9","inception (P571)","Q17538235","Wikidata inception (P571) ""1702-01-01T00:00:00Z"" at year precision or finer","1.0.0"
"1315548","built","1781","1781","exact_year","","1781","1781-01-01T00:00:00Z","9","inception (P571)","Q26443621","Wikidata inception (P571) ""1781-01-01T00:00:00Z"" at year precision or finer","1.0.0"
"1315564","built","1801","1900","century","","19th century","1801-01-01T00:00:00Z","7","inception (P571)","Q26601930","Wikidata inception (P571) ""1801-01-01T00:00:00Z"" at century precision; read as the 19th century (1801–1900), not as a year","1.0.0"
"1315574","built","1801","1900","century","","19th century","1801-01-01T00:00:00Z","7","inception (P571)","Q26601940","Wikidata inception (P571) ""1801-01-01T00:00:00Z"" at century precision; read as the 19th century (1801–1900), not as a year","1.0.0"
"1315648","built","1801","1900","century","","19th century","1801-01-01T00:00:00Z","7","inception (P571)","Q26602010","Wikidata inception (P571) ""1801-01-01T00:00:00Z"" at century precision; read as the 19th century (1801–1900), not as a year","1.0.0"
"1315656","built","1766","1766","exact_year","","1766","1766-01-01T00:00:00Z","9","inception (P571)","Q26602018","Wikidata inception (P571) ""1766-01-01T00:00:00Z"" at year precision or finer","1.0.0"
"1315705","built","1001","1100","century","","11th century","1050-01-01T00:00:00Z","7","inception (P571)","Q17526038","Wikidata inception (P571) ""1050-01-01T00:00:00Z"" at century precision; read as the 11th century (1001–1100), not as a year","1.0.0"
"1315715","built","1801","1900","century","","19th century","1801-01-01T00:00:00Z","7","inception (P571)","Q26602073","Wikidata inception (P571) ""1801-01-01T00:00:00Z"" at century precision; read as the 19th century (1801–1900), not as a year","1.0.0"
"1315716","built","1801","1900","century","","19th century","1801-01-01T00:00:00Z","7","inception (P571)","Q26602074","Wikidata inception (P571) ""1801-01-01T00:00:00Z"" at century precision; read as the 19th century (1801–1900), not as a year","1.0.0"
"1315722","event","1845","1845","exact_year","","1845","1845-01-01T00:00:00Z","9","date of official opening (P1619)","Q7978392","Wikidata date of official opening (P1619) ""1845-01-01T00:00:00Z"" at year precision or finer","1.0.0"
"1315726","built","1101","1200","century","","12th century","1150-01-01T00:00:00Z","7","inception (P571)","Q17526047","Wikidata inception (P571) ""1150-01-01T00:00:00Z"" at century precision; read as the 12th century (1101–1200), not as a year","1.0.0"
"1315728","built","1877","1877","exact_year","","1877","1877-01-01T00:00:00Z","9","inception (P571)","Q7592342","Wikidata inception (P571) ""1877-01-01T00:00:00Z"" at year precision or finer","1.0.0"
"1315731","built","1801","1900","century","","19th century","1801-01-01T00:00:00Z","7","inception (P571)","Q26684471","Wikidata inception (P571) ""1801-01-01T00:00:00Z"" at century precision; read as the 19th century (1801–1900), not as a year","1.0.0"
"1315746","built","1101","1200","century","","12th century","1150-01-01T00:00:00Z","7","inception (P571)","Q17526053","Wikidata inception (P571) ""1150-01-01T00:00:00Z"" at century precision; read as the 12th century (1101–1200), not as a year","1.0.0"
"1315753","built","2001","2100","century","","21st century","2001-01-01T00:00:00Z","7","inception (P571)","Q26602104","Wikidata inception (P571) ""2001-01-01T00:00:00Z"" at century precision; read as the 21st century (2001–2100), not as a year","1.0.0"
"1315754","built","2001","2100","century","","21st century","2001-01-01T00:00:00Z","7","inception (P571)","Q26602105","Wikidata inception (P571) ""2001-01-01T00:00:00Z"" at century precision; read as the 21st century (2001–2100), not as a year","1.0.0"
"1315756","built","2001","2100","century","","21st century","2001-01-01T00:00:00Z","7","inception (P571)","Q26602107","Wikidata inception (P571) ""2001-01-01T00:00:00Z"" at century precision; read as the 21st century (2001–2100), not as a year","1.0.0"
"1315759","built","2001","2100","century","","21st century","2001-01-01T00:00:00Z","7","inception (P571)","Q26602110","Wikidata inception (P571) ""2001-01-01T00:00:00Z"" at century precision; read as the 21st century (2001–2100), not as a year","1.0.0"
"1315764","built","1001","1100","century","","11th century","1050-01-01T00:00:00Z","7","inception (P571)","Q17526058","Wikidata inception (P571) ""1050-01-01T00:00:00Z"" at century precision; read as the 11th century (1001–1100), not as a year","1.0.0"
"1315765","built","1801","1900","century","","19th century","1801-01-01T00:00:00Z","7","inception (P571)","Q26602115","Wikidata inception (P571) ""1801-01-01T00:00:00Z"" at century precision; read as the 19th century (1801–1900), not as a year","1.0.0"
"1315767","built","1922","1922","exact_year","","1922","1922-01-01T00:00:00Z","9","inception (P571)","Q26268210","Wikidata inception (P571) ""1922-01-01T00:00:00Z"" at year precision or finer","1.0.0"
"1315790","built","1101","1200","century","","12th century","1101-01-01T00:00:00Z","7","inception (P571)","Q1018528","Wikidata inception (P571) ""1101-01-01T00:00:00Z"" at century precision; read as the 12th century (1101–1200), not as a year","1.0.0"
"1315790","lost","1537","1537","exact_year","","1537","1537-01-01T00:00:00Z","9","dissolved, abolished or demolished (P576)","Q1018528","Wikidata dissolved, abolished or demolished (P576) ""1537-01-01T00:00:00Z"" at year precision or finer","1.0.0"
"1315819","event","1788","1788","exact_year","","1788","1788-01-01T00:00:00Z","9","date of official opening (P1619)","Q26602165","Wikidata date of official opening (P1619) ""1788-01-01T00:00:00Z"" at year precision or finer","1.0.0"
"1315821","built","1846","1846","exact_year","","1846","1846-01-01T00:00:00Z","9","inception (P571)","Q17536678","Wikidata inception (P571) ""1846-01-01T00:00:00Z"" at year precision or finer","1.0.0"
"1315842","event","1903","1903","exact_year","","1903","1903-01-01T00:00:00Z","9","date of official opening (P1619)","Q7374247","Wikidata date of official opening (P1619) ""1903-01-01T00:00:00Z"" at year precision or finer","1.0.0"
"1315842","built","1903","1903","exact_year","","1903","1903-01-01T00:00:00Z","9","inception (P571)","Q7374247","Wikidata inception (P571) ""1903-01-01T00:00:00Z"" at year precision or finer","1.0.0"
"1315846","event","1777","1777","exact_year","","1777","1777-01-01T00:00:00Z","9","date of official opening (P1619)","Q13529287","Wikidata date of official opening (P1619) ""1777-01-01T00:00:00Z"" at year precision or finer","1.0.0"
"1315911","built","1801","1900","century","","19th century","1801-01-01T00:00:00Z","7","inception (P571)","Q26602253","Wikidata inception (P571) ""1801-01-01T00:00:00Z"" at century precision; read as the 19th century (1801–1900), not as a year","1.0.0"
"1315938","built","1201","1300","century","","13th century","1250-01-01T00:00:00Z","7","inception (P571)","Q17526063","Wikidata inception (P571) ""1250-01-01T00:00:00Z"" at century precision; read as the 13th century (1201–1300), not as a year","1.0.0"
"1315941","associated","410","1484","period","","Middle Ages","Q12554 (Middle Ages)","0","time period (P2348) — Middle Ages","Q26602280","Wikidata time period (P2348) = Q12554 (Middle Ages); classified BROADER_THAN_REGISTRY; spans early_medieval, norman and medieval; kept as a span rather than narrowed to one of them; years from the Whilom period registry, which is a navigation convention","1.0.0"
"1315974","built","1701","1800","century","","18th century","1800-01-01T00:00:00Z","7","inception (P571)","Q26602311","Wikidata inception (P571) ""1800-01-01T00:00:00Z"" at century precision; read as the 18th century (1701–1800), not as a year","1.0.0"
"1315980","built","1240","1240","exact_year","","1240","1240-01-01T00:00:00Z","9","inception (P571)","Q17530668","Wikidata inception (P571) ""1240-01-01T00:00:00Z"" at year precision or finer","1.0.0"
"1315991","built","1859","1859","exact_year","","1859","1859-01-01T00:00:00Z","9","inception (P571)","Q17526071","Wikidata inception (P571) ""1859-01-01T00:00:00Z"" at year precision or finer","1.0.0"
"1315992","built","1610","1610","exact_year","","1610","1610-01-01T00:00:00Z","9","inception (P571)","Q5922584","Wikidata inception (P571) ""1610-01-01T00:00:00Z"" at year precision or finer","1.0.0"
"1316030","built","1699","1699","exact_year","","1699","1699-01-01T00:00:00Z","9","inception (P571)","Q1049514","Wikidata inception (P571) ""1699-01-01T00:00:00Z"" at year precision or finer","1.0.0"
"1316064","built","2001","2100","century","","21st century","2001-01-01T00:00:00Z","7","inception (P571)","Q26602385","Wikidata inception (P571) ""2001-01-01T00:00:00Z"" at century precision; read as the 21st century (2001–2100), not as a year","1.0.0"
"1316111","built","1301","1400","century","","14th century","1350-01-01T00:00:00Z","7","inception (P571)","Q17526192","Wikidata inception (P571) ""1350-01-01T00:00:00Z"" at century precision; read as the 14th century (1301–1400), not as a year","1.0.0"
"1316333","built","1801","1900","century","","19th century","1801-01-01T00:00:00Z","7","inception (P571)","Q26602638","Wikidata inception (P571) ""1801-01-01T00:00:00Z"" at century precision; read as the 19th century (1801–1900), not as a year","1.0.0"
"1316455","built","1101","1200","century","","12th century","1150-01-01T00:00:00Z","7","inception (P571)","Q17526201","Wikidata inception (P571) ""1150-01-01T00:00:00Z"" at century precision; read as the 12th century (1101–1200), not as a year","1.0.0"
"1316472","built","1101","1200","century","","12th century","1150-01-01T00:00:00Z","7","inception (P571)","Q17526206","Wikidata inception (P571) ""1150-01-01T00:00:00Z"" at century precision; read as the 12th century (1101–1200), not as a year","1.0.0"
"1316656","event","1872","1872","exact_year","","1872","1872-07-31T00:00:00Z","11","date of official opening (P1619)","Q5055223","Wikidata date of official opening (P1619) ""1872-07-31T00:00:00Z"" at year precision or finer","1.0.0"
"1316657","built","1101","1200","century","","12th century","1150-01-01T00:00:00Z","7","inception (P571)","Q17526359","Wikidata inception (P571) ""1150-01-01T00:00:00Z"" at century precision; read as the 12th century (1101–1200), not as a year","1.0.0"
"1316664","built","1801","1900","century","","19th century","1801-01-01T00:00:00Z","7","inception (P571)","Q26602942","Wikidata inception (P571) ""1801-01-01T00:00:00Z"" at century precision; read as the 19th century (1801–1900), not as a year","1.0.0"
"1316671","built","1101","1200","century","","12th century","1150-01-01T00:00:00Z","7","inception (P571)","Q17526371","Wikidata inception (P571) ""1150-01-01T00:00:00Z"" at century precision; read as the 12th century (1101–1200), not as a year","1.0.0"
"1316673","built","1801","1900","century","","19th century","1801-01-01T00:00:00Z","7","inception (P571)","Q26602950","Wikidata inception (P571) ""1801-01-01T00:00:00Z"" at century precision; read as the 19th century (1801–1900), not as a year","1.0.0"
"1316677","lost","1535","1535","exact_year","","1535","1535-01-01T00:00:00Z","9","dissolved, abolished or demolished (P576)","Q5690175","Wikidata dissolved, abolished or demolished (P576) ""1535-01-01T00:00:00Z"" at year precision or finer","1.0.0"
"1316680","built","1801","1900","century","","19th century","1801-01-01T00:00:00Z","7","inception (P571)","Q26602956","Wikidata inception (P571) ""1801-01-01T00:00:00Z"" at century precision; read as the 19th century (1801–1900), not as a year","1.0.0"
"1316809","built","1801","1900","century","","19th century","1801-01-01T00:00:00Z","7","inception (P571)","Q26603082","Wikidata inception (P571) ""1801-01-01T00:00:00Z"" at century precision; read as the 19th century (1801–1900), not as a year","1.0.0"
"1316818","built","1801","1900","century","","19th century","1801-01-01T00:00:00Z","7","inception (P571)","Q26603091","Wikidata inception (P571) ""1801-01-01T00:00:00Z"" at century precision; read as the 19th century (1801–1900), not as a year","1.0.0"
"1316927","built","1001","1100","century","","11th century","1050-01-01T00:00:00Z","7","inception (P571)","Q17538298","Wikidata inception (P571) ""1050-01-01T00:00:00Z"" at century precision; read as the 11th century (1001–1100), not as a year","1.0.0"
"1316951","built","1801","1900","century","","19th century","1801-01-01T00:00:00Z","7","inception (P571)","Q26603214","Wikidata inception (P571) ""1801-01-01T00:00:00Z"" at century precision; read as the 19th century (1801–1900), not as a year","1.0.0"
"1317013","built","1513","1513","exact_year","","1513","1513-01-01T00:00:00Z","9","inception (P571)","Q17538097","Wikidata inception (P571) ""1513-01-01T00:00:00Z"" at year precision or finer","1.0.0"
"1317055","built","1740","1740","exact_year","","1740","1740-01-01T00:00:00Z","9","inception (P571)","Q26603311","Wikidata inception (P571) ""1740-01-01T00:00:00Z"" at year precision or finer","1.0.0"
"1317056","built","1890","1890","exact_year","","1890","1890-01-01T00:00:00Z","9","inception (P571)","Q26684510","Wikidata inception (P571) ""1890-01-01T00:00:00Z"" at year precision or finer","1.0.0"
"1317112","built","1846","1846","exact_year","","1846","1846-01-01T00:00:00Z","9","inception (P571)","Q26389252","Wikidata inception (P571) ""1846-01-01T00:00:00Z"" at year precision or finer","1.0.0"
"1318321","built","1080","1080","exact_year","","1080","1080-01-01T00:00:00Z","9","inception (P571)","Q17538301","Wikidata inception (P571) ""1080-01-01T00:00:00Z"" at year precision or finer","1.0.0"
"1318398","built","1071","1071","exact_year","","1071","1071-01-01T00:00:00Z","9","inception (P571)","Q6645746","Wikidata inception (P571) ""1071-01-01T00:00:00Z"" at year precision or finer","1.0.0"
"1318543","built","1190","1190","exact_year","","1190","1190-01-01T00:00:00Z","9","inception (P571)","Q2705370","Wikidata inception (P571) ""1190-01-01T00:00:00Z"" at year precision or finer","1.0.0"
"1318544","built","1301","1400","century","","14th century","1350-01-01T00:00:00Z","7","inception (P571)","Q17538303","Wikidata inception (P571) ""1350-01-01T00:00:00Z"" at century precision; read as the 14th century (1301–1400), not as a year","1.0.0"
"1318578","built","1712","1712","exact_year","","1712","1712-01-01T00:00:00Z","9","inception (P571)","Q26604711","Wikidata inception (P571) ""1712-01-01T00:00:00Z"" at year precision or finer","1.0.0"
"1318584","built","1701","1800","century","","18th century","1701-01-01T00:00:00Z","7","inception (P571)","Q26604716","Wikidata inception (P571) ""1701-01-01T00:00:00Z"" at century precision; read as the 18th century (1701–1800), not as a year","1.0.0"
"1318590","built","1801","1900","century","","19th century","1801-01-01T00:00:00Z","7","inception (P571)","Q26604721","Wikidata inception (P571) ""1801-01-01T00:00:00Z"" at century precision; read as the 19th century (1801–1900), not as a year","1.0.0"
"1318619","lost","1536","1536","exact_year","","1536","1536-01-01T00:00:00Z","9","dissolved, abolished or demolished (P576)","Q5365209","Wikidata dissolved, abolished or demolished (P576) ""1536-01-01T00:00:00Z"" at year precision or finer","1.0.0"
"1334316","event","1788","1788","exact_year","","1788","1788-01-01T00:00:00Z","9","date of official opening (P1619)","Q5548053","Wikidata date of official opening (P1619) ""1788-01-01T00:00:00Z"" at year precision or finer","1.0.0"
"1334316","built","1788","1788","exact_year","","1788","1788-01-01T00:00:00Z","9","inception (P571)","Q5548053","Wikidata inception (P571) ""1788-01-01T00:00:00Z"" at year precision or finer","1.0.0"
"1338589","event","1853","1853","exact_year","","1853","1853-08-29T00:00:00Z","11","date of official opening (P1619)","Q7593173","Wikidata date of official opening (P1619) ""1853-08-29T00:00:00Z"" at year precision or finer","1.0.0"
"1338589","built","1853","1853","exact_year","","1853","1853-08-29T00:00:00Z","11","inception (P571)","Q7593173","Wikidata inception (P571) ""1853-08-29T00:00:00Z"" at year precision or finer","1.0.0"
"1346301","built","1836","1836","exact_year","","1836","1836-01-01T00:00:00Z","9","inception (P571)","Q7586624","Wikidata inception (P571) ""1836-01-01T00:00:00Z"" at year precision or finer","1.0.0"
"1346321","built","1891","1891","exact_year","","1891","1891-01-01T00:00:00Z","9","inception (P571)","Q26629881","Wikidata inception (P571) ""1891-01-01T00:00:00Z"" at year precision or finer","1.0.0"
"1346407","built","1101","1200","century","","12th century","1150-01-01T00:00:00Z","7","inception (P571)","Q17534467","Wikidata inception (P571) ""1150-01-01T00:00:00Z"" at century precision; read as the 12th century (1101–1200), not as a year","1.0.0"
"1346436","built","1801","1900","century","","19th century","1801-01-01T00:00:00Z","7","inception (P571)","Q26629983","Wikidata inception (P571) ""1801-01-01T00:00:00Z"" at century precision; read as the 19th century (1801–1900), not as a year","1.0.0"
"1346437","built","1801","1900","century","","19th century","1801-01-01T00:00:00Z","7","inception (P571)","Q26629984","Wikidata inception (P571) ""1801-01-01T00:00:00Z"" at century precision; read as the 19th century (1801–1900), not as a year","1.0.0"
"1346443","built","1801","1900","century","","19th century","1801-01-01T00:00:00Z","7","inception (P571)","Q26629990","Wikidata inception (P571) ""1801-01-01T00:00:00Z"" at century precision; read as the 19th century (1801–1900), not as a year","1.0.0"
"1346458","event","1847","1847","exact_year","","1847","1847-01-01T00:00:00Z","9","date of official opening (P1619)","Q5433831","Wikidata date of official opening (P1619) ""1847-01-01T00:00:00Z"" at year precision or finer","1.0.0"
"1346479","built","1101","1200","century","","12th century","1150-01-01T00:00:00Z","7","inception (P571)","Q17534491","Wikidata inception (P571) ""1150-01-01T00:00:00Z"" at century precision; read as the 12th century (1101–1200), not as a year","1.0.0"
"1346530","built","1101","1200","century","","12th century","1101-01-01T00:00:00Z","7","inception (P571)","Q4525670","Wikidata inception (P571) ""1101-01-01T00:00:00Z"" at century precision; read as the 12th century (1101–1200), not as a year","1.0.0"
"1346530","lost","1538","1538","exact_year","","1538","1538-01-01T00:00:00Z","9","dissolved, abolished or demolished (P576)","Q4525670","Wikidata dissolved, abolished or demolished (P576) ""1538-01-01T00:00:00Z"" at year precision or finer","1.0.0"
"1346568","built","1201","1300","century","","13th century","1250-01-01T00:00:00Z","7","inception (P571)","Q7587141","Wikidata inception (P571) ""1250-01-01T00:00:00Z"" at century precision; read as the 13th century (1201–1300), not as a year","1.0.0"
"1346661","built","1101","1200","century","","12th century","1150-01-01T00:00:00Z","7","inception (P571)","Q17534541","Wikidata inception (P571) ""1150-01-01T00:00:00Z"" at century precision; read as the 12th century (1101–1200), not as a year","1.0.0"
"1346704","built","1801","1900","century","","19th century","1801-01-01T00:00:00Z","7","inception (P571)","Q26630218","Wikidata inception (P571) ""1801-01-01T00:00:00Z"" at century precision; read as the 19th century (1801–1900), not as a year","1.0.0"
"1346742","built","1101","1200","century","","12th century","1150-01-01T00:00:00Z","7","inception (P571)","Q17534553","Wikidata inception (P571) ""1150-01-01T00:00:00Z"" at century precision; read as the 12th century (1101–1200), not as a year","1.0.0"
"1346759","event","1840","1840","exact_year","","1840","1840-01-01T00:00:00Z","9","date of official opening (P1619)","Q978543","Wikidata date of official opening (P1619) ""1840-01-01T00:00:00Z"" at year precision or finer","1.0.0"
"1346773","built","1301","1400","century","","14th century","1350-01-01T00:00:00Z","7","inception (P571)","Q17537996","Wikidata inception (P571) ""1350-01-01T00:00:00Z"" at century precision; read as the 14th century (1301–1400), not as a year","1.0.0"
"1346864","built","1201","1300","century","","13th century","1250-01-01T00:00:00Z","7","inception (P571)","Q17538001","Wikidata inception (P571) ""1250-01-01T00:00:00Z"" at century precision; read as the 13th century (1201–1300), not as a year","1.0.0"
"1346990","built","1140","1140","exact_year","","1140","1140-01-01T00:00:00Z","9","inception (P571)","Q17534569","Wikidata inception (P571) ""1140-01-01T00:00:00Z"" at year precision or finer","1.0.0"
"1357411","built","1801","1900","century","","19th century","1801-01-01T00:00:00Z","7","inception (P571)","Q26639942","Wikidata inception (P571) ""1801-01-01T00:00:00Z"" at century precision; read as the 19th century (1801–1900), not as a year","1.0.0"
"1358639","built","1598","1598","exact_year","","1598","1598-01-01T00:00:00Z","9","inception (P571)","Q17550408","Wikidata inception (P571) ""1598-01-01T00:00:00Z"" at year precision or finer","1.0.0"
"1365696","built","1701","1800","century","","18th century","1701-01-01T00:00:00Z","7","inception (P571)","Q26647355","Wikidata inception (P571) ""1701-01-01T00:00:00Z"" at century precision; read as the 18th century (1701–1800), not as a year","1.0.0"
"1365807","event","1834","1834","exact_year","","1834","1834-01-01T00:00:00Z","9","date of official opening (P1619)","Q2253957","Wikidata date of official opening (P1619) ""1834-01-01T00:00:00Z"" at year precision or finer","1.0.0"
"1365809","built","1801","1900","century","","19th century","1801-01-01T00:00:00Z","7","inception (P571)","Q26647464","Wikidata inception (P571) ""1801-01-01T00:00:00Z"" at century precision; read as the 19th century (1801–1900), not as a year","1.0.0"
"1366164","built","1701","1800","century","","18th century","1701-01-01T00:00:00Z","7","inception (P571)","Q26647790","Wikidata inception (P571) ""1701-01-01T00:00:00Z"" at century precision; read as the 18th century (1701–1800), not as a year","1.0.0"
"1366240","built","1201","1300","century","","13th century","1250-01-01T00:00:00Z","7","inception (P571)","Q17534579","Wikidata inception (P571) ""1250-01-01T00:00:00Z"" at century precision; read as the 13th century (1201–1300), not as a year","1.0.0"
"1366256","built","1201","1300","century","","13th century","1250-01-01T00:00:00Z","7","inception (P571)","Q60746971","Wikidata inception (P571) ""1250-01-01T00:00:00Z"" at century precision; read as the 13th century (1201–1300), not as a year","1.0.0"
"1366577","event","1885","1885","exact_year","","1885","1885-01-01T00:00:00Z","9","date of official opening (P1619)","Q6489772","Wikidata date of official opening (P1619) ""1885-01-01T00:00:00Z"" at year precision or finer","1.0.0"
"1375010","built","1852","1852","exact_year","","1852","1852-01-01T00:00:00Z","9","inception (P571)","Q26655833","Wikidata inception (P571) ""1852-01-01T00:00:00Z"" at year precision or finer","1.0.0"
"1375016","built","1857","1857","exact_year","","1857","1857-01-01T00:00:00Z","9","inception (P571)","Q26655839","Wikidata inception (P571) ""1857-01-01T00:00:00Z"" at year precision or finer","1.0.0"
"1375017","built","1840","1840","exact_year","","1840","1840-01-01T00:00:00Z","9","inception (P571)","Q26655840","Wikidata inception (P571) ""1840-01-01T00:00:00Z"" at year precision or finer","1.0.0"
"1375019","built","1861","1861","exact_year","","1861","1861-01-01T00:00:00Z","9","inception (P571)","Q26655842","Wikidata inception (P571) ""1861-01-01T00:00:00Z"" at year precision or finer","1.0.0"
"1375037","built","1701","1800","century","","18th century","1701-01-01T00:00:00Z","7","inception (P571)","Q26655859","Wikidata inception (P571) ""1701-01-01T00:00:00Z"" at century precision; read as the 18th century (1701–1800), not as a year","1.0.0"
"1375038","event","1898","1898","exact_year","","1898","1898-01-01T00:00:00Z","9","date of official opening (P1619)","Q7751159","Wikidata date of official opening (P1619) ""1898-01-01T00:00:00Z"" at year precision or finer","1.0.0"
"1375042","event","1711","1711","exact_year","","1711","1711-05-29T00:00:00Z","11","date of official opening (P1619)","Q4596681","Wikidata date of official opening (P1619) ""1711-05-29T00:00:00Z"" at year precision or finer","1.0.0"
"1375044","built","1892","1892","exact_year","","1892","1892-01-01T00:00:00Z","9","inception (P571)","Q26655865","Wikidata inception (P571) ""1892-01-01T00:00:00Z"" at year precision or finer","1.0.0"
"1375046","built","1839","1839","exact_year","","1839","1839-01-01T00:00:00Z","9","inception (P571)","Q2322532","Wikidata inception (P571) ""1839-01-01T00:00:00Z"" at year precision or finer","1.0.0"
"1375050","event","1849","1849","exact_year","","1849","1849-01-01T00:00:00Z","9","date of official opening (P1619)","Q2802879","Wikidata date of official opening (P1619) ""1849-01-01T00:00:00Z"" at year precision or finer","1.0.0"
"1375061","built","1850","1850","exact_year","","1850","1850-01-01T00:00:00Z","9","inception (P571)","Q5126476","Wikidata inception (P571) ""1850-01-01T00:00:00Z"" at year precision or finer","1.0.0"
"1375061","altered","1996","1996","exact_year","","1996","1996-01-01T00:00:00Z","9","significant event (P793) — renovation","Q5126476","Wikidata significant event (P793) — renovation ""1996-01-01T00:00:00Z"" at year precision or finer","1.0.0"
"1375079","built","1855","1855","exact_year","","1855","1855-01-01T00:00:00Z","9","inception (P571)","Q26655898","Wikidata inception (P571) ""1855-01-01T00:00:00Z"" at year precision or finer","1.0.0"
"1375094","built","1849","1849","exact_year","","1849","1849-01-01T00:00:00Z","9","inception (P571)","Q26655913","Wikidata inception (P571) ""1849-01-01T00:00:00Z"" at year precision or finer","1.0.0"
"1375096","built","1840","1840","exact_year","","1840","1840-01-01T00:00:00Z","9","inception (P571)","Q26655915","Wikidata inception (P571) ""1840-01-01T00:00:00Z"" at year precision or finer","1.0.0"
"1375108","built","1856","1856","exact_year","","1856","1856-01-01T00:00:00Z","9","inception (P571)","Q26655927","Wikidata inception (P571) ""1856-01-01T00:00:00Z"" at year precision or finer","1.0.0"
"1375115","built","1839","1839","exact_year","","1839","1839-01-01T00:00:00Z","9","inception (P571)","Q26655934","Wikidata inception (P571) ""1839-01-01T00:00:00Z"" at year precision or finer","1.0.0"
"1375118","built","1839","1839","exact_year","","1839","1839-01-01T00:00:00Z","9","inception (P571)","Q26655937","Wikidata inception (P571) ""1839-01-01T00:00:00Z"" at year precision or finer","1.0.0"
"1375119","built","1839","1839","exact_year","","1839","1839-01-01T00:00:00Z","9","inception (P571)","Q26655938","Wikidata inception (P571) ""1839-01-01T00:00:00Z"" at year precision or finer","1.0.0"
"1375120","built","1839","1839","exact_year","","1839","1839-01-01T00:00:00Z","9","inception (P571)","Q26655939","Wikidata inception (P571) ""1839-01-01T00:00:00Z"" at year precision or finer","1.0.0"
"1375128","built","1801","1900","century","","19th century","1801-01-01T00:00:00Z","7","inception (P571)","Q26655947","Wikidata inception (P571) ""1801-01-01T00:00:00Z"" at century precision; read as the 19th century (1801–1900), not as a year","1.0.0"
"1375128","built","1923","1923","exact_year","","1923","1923-01-01T00:00:00Z","9","inception (P571)","Q26655947","Wikidata inception (P571) ""1923-01-01T00:00:00Z"" at year precision or finer","1.0.0"
"1375130","built","1401","1500","century","","15th century","1450-01-01T00:00:00Z","7","inception (P571)","Q17530558","Wikidata inception (P571) ""1450-01-01T00:00:00Z"" at century precision; read as the 15th century (1401–1500), not as a year","1.0.0"
"1375154","built","1768","1768","exact_year","","1768","1768-01-01T00:00:00Z","9","inception (P571)","Q6515993","Wikidata inception (P571) ""1768-01-01T00:00:00Z"" at year precision or finer","1.0.0"
"1375157","built","1632","1632","exact_year","","1632","1632-01-01T00:00:00Z","9","inception (P571)","Q7593785","Wikidata inception (P571) ""1632-01-01T00:00:00Z"" at year precision or finer","1.0.0"
"1375170","built","1866","1866","exact_year","","1866","1866-01-01T00:00:00Z","9","inception (P571)","Q7635059","Wikidata inception (P571) ""1866-01-01T00:00:00Z"" at year precision or finer","1.0.0"
"1375172","built","1881","1881","exact_year","","1881","1881-01-01T00:00:00Z","9","inception (P571)","Q26655983","Wikidata inception (P571) ""1881-01-01T00:00:00Z"" at year precision or finer","1.0.0"
"1375172","lost","1901","2000","century","","20th century","1901-01-01T00:00:00Z","7","dissolved, abolished or demolished (P576)","Q26655983","Wikidata dissolved, abolished or demolished (P576) ""1901-01-01T00:00:00Z"" at century precision; read as the 20th century (1901–2000), not as a year","1.0.0"
"1375197","built","1860","1860","exact_year","","1860","1860-01-01T00:00:00Z","9","inception (P571)","Q26656008","Wikidata inception (P571) ""1860-01-01T00:00:00Z"" at year precision or finer","1.0.0"
"1375205","built","1858","1858","exact_year","","1858","1858-01-01T00:00:00Z","9","inception (P571)","Q26656016","Wikidata inception (P571) ""1858-01-01T00:00:00Z"" at year precision or finer","1.0.0"
"1375208","built","1868","1868","exact_year","","1868","1868-01-01T00:00:00Z","9","inception (P571)","Q26656019","Wikidata inception (P571) ""1868-01-01T00:00:00Z"" at year precision or finer","1.0.0"
"1375209","built","1858","1858","exact_year","","1858","1858-01-01T00:00:00Z","9","inception (P571)","Q26656020","Wikidata inception (P571) ""1858-01-01T00:00:00Z"" at year precision or finer","1.0.0"
"1375219","event","1878","1878","exact_year","","1878","1878-11-18T00:00:00Z","11","date of official opening (P1619)","Q3114599","Wikidata date of official opening (P1619) ""1878-11-18T00:00:00Z"" at year precision or finer","1.0.0"
"1375219","built","1878","1878","exact_year","","1878","1878-01-01T00:00:00Z","9","inception (P571)","Q3114599","Wikidata inception (P571) ""1878-01-01T00:00:00Z"" at year precision or finer","1.0.0"
"1375225","event","1868","1868","exact_year","","1868","1868-06-18T00:00:00Z","11","date of official opening (P1619)","Q6515923","Wikidata date of official opening (P1619) ""1868-06-18T00:00:00Z"" at year precision or finer","1.0.0"
"1375225","built","1865","1865","exact_year","","1865","1865-08-31T00:00:00Z","11","inception (P571)","Q6515923","Wikidata inception (P571) ""1865-08-31T00:00:00Z"" at year precision or finer","1.0.0"
"1375225","built","2008","2008","exact_year","","2008","2008-09-13T00:00:00Z","11","inception (P571)","Q6515923","Wikidata inception (P571) ""2008-09-13T00:00:00Z"" at year precision or finer","1.0.0"
"1375230","built","1904","1904","exact_year","","1904","1904-01-01T00:00:00Z","9","inception (P571)","Q1736191","Wikidata inception (P571) ""1904-01-01T00:00:00Z"" at year precision or finer","1.0.0"
"1375233","event","1903","1903","exact_year","","1903","1903-11-26T00:00:00Z","11","date of official opening (P1619)","Q26656041","Wikidata date of official opening (P1619) ""1903-11-26T00:00:00Z"" at year precision or finer","1.0.0"
"1375233","built","1901","1901","exact_year","","1901","1901-01-01T00:00:00Z","9","inception (P571)","Q26656041","Wikidata inception (P571) ""1901-01-01T00:00:00Z"" at year precision or finer","1.0.0"
"1375245","built","1846","1846","exact_year","","1846","1846-01-01T00:00:00Z","9","inception (P571)","Q26656053","Wikidata inception (P571) ""1846-01-01T00:00:00Z"" at year precision or finer","1.0.0"
"1375247","built","1801","1900","century","","19th century","1801-01-01T00:00:00Z","7","inception (P571)","Q26656055","Wikidata inception (P571) ""1801-01-01T00:00:00Z"" at century precision; read as the 19th century (1801–1900), not as a year","1.0.0"
"1375257","built","1885","1885","exact_year","","1885","1885-01-01T00:00:00Z","9","inception (P571)","Q26656065","Wikidata inception (P571) ""1885-01-01T00:00:00Z"" at year precision or finer","1.0.0"
"1375258","built","1898","1898","exact_year","","1898","1898-01-01T00:00:00Z","9","inception (P571)","Q26656066","Wikidata inception (P571) ""1898-01-01T00:00:00Z"" at year precision or finer","1.0.0"
"1375259","built","1801","1900","century","","19th century","1801-01-01T00:00:00Z","7","inception (P571)","Q26656067","Wikidata inception (P571) ""1801-01-01T00:00:00Z"" at century precision; read as the 19th century (1801–1900), not as a year","1.0.0"
"1375261","built","1840","1840","exact_year","","1840","1840-01-01T00:00:00Z","9","inception (P571)","Q26656069","Wikidata inception (P571) ""1840-01-01T00:00:00Z"" at year precision or finer","1.0.0"
"1375275","built","1801","1900","century","","19th century","1801-01-01T00:00:00Z","7","inception (P571)","Q26656082","Wikidata inception (P571) ""1801-01-01T00:00:00Z"" at century precision; read as the 19th century (1801–1900), not as a year","1.0.0"
"1375278","built","1826","1826","exact_year","","1826","1826-01-01T00:00:00Z","9","inception (P571)","Q26656085","Wikidata inception (P571) ""1826-01-01T00:00:00Z"" at year precision or finer","1.0.0"
"1375298","built","1801","1900","century","","19th century","1801-01-01T00:00:00Z","7","inception (P571)","Q26656103","Wikidata inception (P571) ""1801-01-01T00:00:00Z"" at century precision; read as the 19th century (1801–1900), not as a year","1.0.0"
"1375300","built","1801","1900","century","","19th century","1801-01-01T00:00:00Z","7","inception (P571)","Q26656105","Wikidata inception (P571) ""1801-01-01T00:00:00Z"" at century precision; read as the 19th century (1801–1900), not as a year","1.0.0"
"1375301","built","1868","1868","exact_year","","1868","1868-01-01T00:00:00Z","9","inception (P571)","Q7592783","Wikidata inception (P571) ""1868-01-01T00:00:00Z"" at year precision or finer","1.0.0"
"1375302","built","1920","1920","exact_year","","1920","1920-01-01T00:00:00Z","9","inception (P571)","Q26656106","Wikidata inception (P571) ""1920-01-01T00:00:00Z"" at year precision or finer","1.0.0"
"1375310","built","1801","1900","century","","19th century","1801-01-01T00:00:00Z","7","inception (P571)","Q26656114","Wikidata inception (P571) ""1801-01-01T00:00:00Z"" at century precision; read as the 19th century (1801–1900), not as a year","1.0.0"
"1375317","built","1920","1920","exact_year","","1920","1920-01-01T00:00:00Z","9","inception (P571)","Q26656122","Wikidata inception (P571) ""1920-01-01T00:00:00Z"" at year precision or finer","1.0.0"
"1375319","built","1840","1840","exact_year","","1840","1840-01-01T00:00:00Z","9","inception (P571)","Q26656124","Wikidata inception (P571) ""1840-01-01T00:00:00Z"" at year precision or finer","1.0.0"
"1375323","built","1928","1928","exact_year","","1928","1928-01-01T00:00:00Z","9","inception (P571)","Q26262155","Wikidata inception (P571) ""1928-01-01T00:00:00Z"" at year precision or finer","1.0.0"
"1375325","built","1801","1900","century","","19th century","1850-01-01T00:00:00Z","7","inception (P571)","Q26656129","Wikidata inception (P571) ""1850-01-01T00:00:00Z"" at century precision; read as the 19th century (1801–1900), not as a year","1.0.0"
"1375326","built","1801","1900","century","","19th century","1801-01-01T00:00:00Z","7","inception (P571)","Q26656130","Wikidata inception (P571) ""1801-01-01T00:00:00Z"" at century precision; read as the 19th century (1801–1900), not as a year","1.0.0"
"1375332","built","1801","1900","century","","19th century","1801-01-01T00:00:00Z","7","inception (P571)","Q26656134","Wikidata inception (P571) ""1801-01-01T00:00:00Z"" at century precision; read as the 19th century (1801–1900), not as a year","1.0.0"
"1375333","built","1801","1900","century","","19th century","1850-01-01T00:00:00Z","7","inception (P571)","Q26656135","Wikidata inception (P571) ""1850-01-01T00:00:00Z"" at century precision; read as the 19th century (1801–1900), not as a year","1.0.0"
"1375334","built","1801","1900","century","","19th century","1900-01-01T00:00:00Z","7","inception (P571)","Q26656136","Wikidata inception (P571) ""1900-01-01T00:00:00Z"" at century precision; read as the 19th century (1801–1900), not as a year","1.0.0"
"1375340","event","1903","1903","exact_year","","1903","1903-07-24T00:00:00Z","11","date of official opening (P1619)","Q26656141","Wikidata date of official opening (P1619) ""1903-07-24T00:00:00Z"" at year precision or finer","1.0.0"
"1375340","built","1903","1903","exact_year","","1903","1903-01-01T00:00:00Z","9","inception (P571)","Q26656141","Wikidata inception (P571) ""1903-01-01T00:00:00Z"" at year precision or finer","1.0.0"
"1375360","built","1863","1863","exact_year","","1863","1863-01-01T00:00:00Z","9","inception (P571)","Q26656161","Wikidata inception (P571) ""1863-01-01T00:00:00Z"" at year precision or finer","1.0.0"
"1375400","built","1842","1842","exact_year","","1842","1842-01-01T00:00:00Z","9","inception (P571)","Q17530562","Wikidata inception (P571) ""1842-01-01T00:00:00Z"" at year precision or finer","1.0.0"
"1375417","built","1831","1831","exact_year","","1831","1831-01-01T00:00:00Z","9","inception (P571)","Q26656217","Wikidata inception (P571) ""1831-01-01T00:00:00Z"" at year precision or finer","1.0.0"
"1375443","built","1601","1700","century","","17th century","1650-01-01T00:00:00Z","7","inception (P571)","Q26656242","Wikidata inception (P571) ""1650-01-01T00:00:00Z"" at century precision; read as the 17th century (1601–1700), not as a year","1.0.0"
"1375465","built","1895","1895","exact_year","","1895","1895-01-01T00:00:00Z","9","inception (P571)","Q26656264","Wikidata inception (P571) ""1895-01-01T00:00:00Z"" at year precision or finer","1.0.0"
"1375472","built","1801","1900","century","","19th century","1801-01-01T00:00:00Z","7","inception (P571)","Q26656269","Wikidata inception (P571) ""1801-01-01T00:00:00Z"" at century precision; read as the 19th century (1801–1900), not as a year","1.0.0"
"1375474","built","1630","1630","exact_year","","1630","1630-01-01T00:00:00Z","9","inception (P571)","Q26656271","Wikidata inception (P571) ""1630-01-01T00:00:00Z"" at year precision or finer","1.0.0"
"1375474","altered","1905","1905","exact_year","","1905","1905-01-01T00:00:00Z","9","significant event (P793) — reconstruction","Q26656271","Wikidata significant event (P793) — reconstruction ""1905-01-01T00:00:00Z"" at year precision or finer","1.0.0"
"1375475","built","1801","1900","century","","19th century","1801-01-01T00:00:00Z","7","inception (P571)","Q26656272","Wikidata inception (P571) ""1801-01-01T00:00:00Z"" at century precision; read as the 19th century (1801–1900), not as a year","1.0.0"
"1375477","built","1810","1810","exact_year","","1810","1810-01-01T00:00:00Z","9","inception (P571)","Q26656274","Wikidata inception (P571) ""1810-01-01T00:00:00Z"" at year precision or finer","1.0.0"
"1375483","built","1701","1800","century","","18th century","1799-01-01T00:00:00Z","7","inception (P571)","Q26656279","Wikidata inception (P571) ""1799-01-01T00:00:00Z"" at century precision; read as the 18th century (1701–1800), not as a year","1.0.0"
"1375492","built","1701","1800","century","","18th century","1701-01-01T00:00:00Z","7","inception (P571)","Q26656288","Wikidata inception (P571) ""1701-01-01T00:00:00Z"" at century precision; read as the 18th century (1701–1800), not as a year","1.0.0"
"1376263","built","1891","1891","exact_year","","1891","1891-01-01T00:00:00Z","9","inception (P571)","Q17535191","Wikidata inception (P571) ""1891-01-01T00:00:00Z"" at year precision or finer","1.0.0"
"1376534","built","1909","1909","exact_year","","1909","1909-01-01T00:00:00Z","9","inception (P571)","Q26657081","Wikidata inception (P571) ""1909-01-01T00:00:00Z"" at year precision or finer","1.0.0"
"1376807","event","1861","1861","exact_year","","1861","1861-01-01T00:00:00Z","9","date of official opening (P1619)","Q26657325","Wikidata date of official opening (P1619) ""1861-01-01T00:00:00Z"" at year precision or finer","1.0.0"
"1379826","built","1914","1914","exact_year","","1914","1914-01-01T00:00:00Z","9","inception (P571)","Q26660054","Wikidata inception (P571) ""1914-01-01T00:00:00Z"" at year precision or finer","1.0.0"
"1390517","built","1929","1929","exact_year","","1929","1929-01-01T00:00:00Z","9","inception (P571)","Q26669909","Wikidata inception (P571) ""1929-01-01T00:00:00Z"" at year precision or finer","1.0.0"
"1390681","event","1887","1887","exact_year","","1887","1887-09-14T00:00:00Z","11","date of official opening (P1619)","Q26670064","Wikidata date of official opening (P1619) ""1887-09-14T00:00:00Z"" at year precision or finer","1.0.0"
"1390681","built","1885","1885","exact_year","","1885","1885-01-01T00:00:00Z","9","inception (P571)","Q26670064","Wikidata inception (P571) ""1885-01-01T00:00:00Z"" at year precision or finer","1.0.0"
"1391522","built","1935","1935","exact_year","","1935","1935-01-01T00:00:00Z","9","inception (P571)","Q26670881","Wikidata inception (P571) ""1935-01-01T00:00:00Z"" at year precision or finer","1.0.0"
"1391576","built","1701","1800","century","","18th century","1701-01-01T00:00:00Z","7","inception (P571)","Q26670931","Wikidata inception (P571) ""1701-01-01T00:00:00Z"" at century precision; read as the 18th century (1701–1800), not as a year","1.0.0"
"1392195","built","1894","1894","exact_year","","1894","1894-01-01T00:00:00Z","9","inception (P571)","Q7593515","Wikidata inception (P571) ""1894-01-01T00:00:00Z"" at year precision or finer","1.0.0"
"1392280","built","1929","1929","exact_year","","1929","1929-01-01T00:00:00Z","9","inception (P571)","Q26671509","Wikidata inception (P571) ""1929-01-01T00:00:00Z"" at year precision or finer","1.0.0"
"1392472","built","1867","1867","exact_year","","1867","1867-01-01T00:00:00Z","9","inception (P571)","Q26671689","Wikidata inception (P571) ""1867-01-01T00:00:00Z"" at year precision or finer","1.0.0"
"1392724","built","1961","1961","exact_year","","1961","1961-01-01T00:00:00Z","9","inception (P571)","Q26671932","Wikidata inception (P571) ""1961-01-01T00:00:00Z"" at year precision or finer","1.0.0"
"1393509","built","1857","1857","exact_year","","1857","1857-01-01T00:00:00Z","9","inception (P571)","Q26672666","Wikidata inception (P571) ""1857-01-01T00:00:00Z"" at year precision or finer","1.0.0"
"1393835","event","1975","1975","exact_year","","1975","1975-01-01T00:00:00Z","9","date of official opening (P1619)","Q24571869","Wikidata date of official opening (P1619) ""1975-01-01T00:00:00Z"" at year precision or finer","1.0.0"
"1393835","built","1965","1965","exact_year","","1965","1965-01-01T00:00:00Z","9","inception (P571)","Q105691496","Wikidata inception (P571) ""1965-01-01T00:00:00Z"" at year precision or finer","1.0.0"
"1393835","built","1966","1966","exact_year","","1966","1966-01-01T00:00:00Z","9","inception (P571)","Q105691102","Wikidata inception (P571) ""1966-01-01T00:00:00Z"" at year precision or finer","1.0.0"
"1393835","built","1968","1968","exact_year","","1968","1968-01-01T00:00:00Z","9","inception (P571)","Q26252986","Wikidata inception (P571) ""1968-01-01T00:00:00Z"" at year precision or finer","1.0.0"
"1393835","built","1968","1968","exact_year","","1968","1968-01-01T00:00:00Z","9","inception (P571)","Q26237205","Wikidata inception (P571) ""1968-01-01T00:00:00Z"" at year precision or finer","1.0.0"
"1393835","built","1969","1969","exact_year","","1969","1969-01-01T00:00:00Z","9","inception (P571)","Q26262656","Wikidata inception (P571) ""1969-01-01T00:00:00Z"" at year precision or finer","1.0.0"
"1393835","built","1971","1971","exact_year","","1971","1971-01-01T00:00:00Z","9","inception (P571)","Q105691823","Wikidata inception (P571) ""1971-01-01T00:00:00Z"" at year precision or finer","1.0.0"
"1393835","built","1975","1975","exact_year","","1975","1975-01-01T00:00:00Z","9","inception (P571)","Q24571869","Wikidata inception (P571) ""1975-01-01T00:00:00Z"" at year precision or finer","1.0.0"
"1393837","built","1964","1964","exact_year","","1964","1964-01-01T00:00:00Z","9","inception (P571)","Q26262655","Wikidata inception (P571) ""1964-01-01T00:00:00Z"" at year precision or finer","1.0.0"
"1400166","built","1873","1873","exact_year","","1873","1873-01-01T00:00:00Z","9","inception (P571)","Q26675410","Wikidata inception (P571) ""1873-01-01T00:00:00Z"" at year precision or finer","1.0.0"
"1401425","associated","-10000","-4001","period","","Mesolithic","Q44155 (Mesolithic)","0","time period (P2348) — Mesolithic","Q2299200","Wikidata time period (P2348) = Q44155 (Mesolithic); classified DIRECT_REGISTRY_MATCH; registry period under the same name; years from the Whilom period registry, which is a navigation convention","1.0.0"
"1401425","built","-8779","-8770","decade","","8770s BCE","-8770-01-01T00:00:00Z","8","inception (P571)","Q2299200","Wikidata inception (P571) ""-8770-01-01T00:00:00Z"" at decade precision; read as 8779 BCE–8770 BCE","1.0.0"
"1401425","lost","-8469","-8460","decade","","8460s BCE","-8460-01-01T00:00:00Z","8","dissolved, abolished or demolished (P576)","Q2299200","Wikidata dissolved, abolished or demolished (P576) ""-8460-01-01T00:00:00Z"" at decade precision; read as 8469 BCE–8460 BCE","1.0.0"
"1404586","event","1857","1857","exact_year","","1857","1857-04-13T00:00:00Z","11","date of official opening (P1619)","Q97013259","Wikidata date of official opening (P1619) ""1857-04-13T00:00:00Z"" at year precision or finer","1.0.0"
"1404586","built","1857","1857","exact_year","","1857","1857-01-01T00:00:00Z","9","inception (P571)","Q97013259","Wikidata inception (P571) ""1857-01-01T00:00:00Z"" at year precision or finer","1.0.0"
"1407170","associated","410","1484","period","","Middle Ages","Q12554 (Middle Ages)","0","time period (P2348) — Middle Ages","Q26675916","Wikidata time period (P2348) = Q12554 (Middle Ages); classified BROADER_THAN_REGISTRY; spans early_medieval, norman and medieval; kept as a span rather than narrowed to one of them; years from the Whilom period registry, which is a navigation convention","1.0.0"
"1412199","built","1959","1959","exact_year","","1959","1959-01-01T00:00:00Z","9","inception (P571)","Q26676261","Wikidata inception (P571) ""1959-01-01T00:00:00Z"" at year precision or finer","1.0.0"
"1412649","built","1939","1939","exact_year","","1939","1939-01-01T00:00:00Z","9","inception (P571)","Q26676276","Wikidata inception (P571) ""1939-01-01T00:00:00Z"" at year precision or finer","1.0.0"
"1417240","built","1101","1200","century","","12th century","1101-01-01T00:00:00Z","7","inception (P571)","Q6415762","Wikidata inception (P571) ""1101-01-01T00:00:00Z"" at century precision; read as the 12th century (1101–1200), not as a year","1.0.0"
"1417240","lost","1539","1539","exact_year","","1539","1539-01-01T00:00:00Z","9","dissolved, abolished or demolished (P576)","Q6415762","Wikidata dissolved, abolished or demolished (P576) ""1539-01-01T00:00:00Z"" at year precision or finer","1.0.0"
"1419336","built","1969","1969","exact_year","","1969","1969-01-01T00:00:00Z","9","inception (P571)","Q26676734","Wikidata inception (P571) ""1969-01-01T00:00:00Z"" at year precision or finer","1.0.0"
"1423254","built","1886","1886","exact_year","","1886","1886-01-01T00:00:00Z","9","inception (P571)","Q26676992","Wikidata inception (P571) ""1886-01-01T00:00:00Z"" at year precision or finer","1.0.0"
"1425905","built","1801","1900","century","","19th century","1801-01-01T00:00:00Z","7","inception (P571)","Q26677244","Wikidata inception (P571) ""1801-01-01T00:00:00Z"" at century precision; read as the 19th century (1801–1900), not as a year","1.0.0"
"1427680","built","1968","1968","exact_year","","1968","1968-01-01T00:00:00Z","9","inception (P571)","Q26677376","Wikidata inception (P571) ""1968-01-01T00:00:00Z"" at year precision or finer","1.0.0"
"1429226","built","1963","1963","exact_year","","1963","1963-01-01T00:00:00Z","9","inception (P571)","Q26677526","Wikidata inception (P571) ""1963-01-01T00:00:00Z"" at year precision or finer","1.0.0"
"1430154","built","1701","1800","century","","18th century","1701-01-01T00:00:00Z","7","inception (P571)","Q26677579","Wikidata inception (P571) ""1701-01-01T00:00:00Z"" at century precision; read as the 18th century (1701–1800), not as a year","1.0.0"
"1430182","built","1801","1900","century","","19th century","1801-01-01T00:00:00Z","7","inception (P571)","Q26677583","Wikidata inception (P571) ""1801-01-01T00:00:00Z"" at century precision; read as the 19th century (1801–1900), not as a year","1.0.0"
"1434527","built","1922","1922","exact_year","","1922","1922-01-01T00:00:00Z","9","inception (P571)","Q26678023","Wikidata inception (P571) ""1922-01-01T00:00:00Z"" at year precision or finer","1.0.0"
"1440604","event","1926","1926","exact_year","","1926","1926-06-15T00:00:00Z","11","date of official opening (P1619)","Q47485970","Wikidata date of official opening (P1619) ""1926-06-15T00:00:00Z"" at year precision or finer","1.0.0"
"1440604","built","1926","1926","exact_year","","1926","1926-01-01T00:00:00Z","9","inception (P571)","Q47485970","Wikidata inception (P571) ""1926-01-01T00:00:00Z"" at year precision or finer","1.0.0"
"1440758","built","1801","1900","century","","19th century","1801-01-01T00:00:00Z","7","inception (P571)","Q66478231","Wikidata inception (P571) ""1801-01-01T00:00:00Z"" at century precision; read as the 19th century (1801–1900), not as a year","1.0.0"
"1441469","built","1932","1932","exact_year","","1932","1932-01-01T00:00:00Z","9","inception (P571)","Q66478313","Wikidata inception (P571) ""1932-01-01T00:00:00Z"" at year precision or finer","1.0.0"
"1441553","built","1920","1920","exact_year","","1920","1920-07-27T00:00:00Z","11","inception (P571)","Q66478330","Wikidata inception (P571) ""1920-07-27T00:00:00Z"" at year precision or finer","1.0.0"
"1446943","built","1922","1922","exact_year","","1922","1922-01-01T00:00:00Z","9","inception (P571)","Q66478791","Wikidata inception (P571) ""1922-01-01T00:00:00Z"" at year precision or finer","1.0.0"
"1447321","event","1981","1981","exact_year","","1981","1981-07-17T00:00:00Z","11","date of official opening (P1619)","Q1141014","Wikidata date of official opening (P1619) ""1981-07-17T00:00:00Z"" at year precision or finer","1.0.0"
"1447321","built","1981","1981","exact_year","","1981","1981-06-24T00:00:00Z","11","inception (P571)","Q1141014","Wikidata inception (P571) ""1981-06-24T00:00:00Z"" at year precision or finer","1.0.0"
"1451045","event","1841","1841","exact_year","","1841","1841-01-01T00:00:00Z","9","date of official opening (P1619)","Q15264674","Wikidata date of official opening (P1619) ""1841-01-01T00:00:00Z"" at year precision or finer","1.0.0"
"1451045","built","1932","1932","exact_year","","1932","1932-01-01T00:00:00Z","9","inception (P571)","Q15264674","Wikidata inception (P571) ""1932-01-01T00:00:00Z"" at year precision or finer","1.0.0"
"1452343","built","1912","1912","exact_year","","1912","1912-01-01T00:00:00Z","9","inception (P571)","Q60038178","Wikidata inception (P571) ""1912-01-01T00:00:00Z"" at year precision or finer","1.0.0"
"1454601","built","1921","1921","exact_year","","1921","1921-01-01T00:00:00Z","9","inception (P571)","Q66479513","Wikidata inception (P571) ""1921-01-01T00:00:00Z"" at year precision or finer","1.0.0"
"1457124","built","1984","1984","exact_year","","1984","1984-01-01T00:00:00Z","9","inception (P571)","Q56255293","Wikidata inception (P571) ""1984-01-01T00:00:00Z"" at year precision or finer","1.0.0"
"1457135","built","1889","1889","exact_year","","1889","1889-01-01T00:00:00Z","9","inception (P571)","Q59531433","Wikidata inception (P571) ""1889-01-01T00:00:00Z"" at year precision or finer","1.0.0"
"1458335","built","1892","1892","exact_year","","1892","1892-01-01T00:00:00Z","9","inception (P571)","Q66479818","Wikidata inception (P571) ""1892-01-01T00:00:00Z"" at year precision or finer","1.0.0"
"1460284","built","1889","1889","exact_year","","1889","1889-01-01T00:00:00Z","9","inception (P571)","Q80945575","Wikidata inception (P571) ""1889-01-01T00:00:00Z"" at year precision or finer","1.0.0"
"1460848","event","1847","1847","exact_year","","1847","1847-01-01T00:00:00Z","9","date of official opening (P1619)","Q672653","Wikidata date of official opening (P1619) ""1847-01-01T00:00:00Z"" at year precision or finer","1.0.0"
"1460848","event","1892","1892","exact_year","","1892","1892-01-01T00:00:00Z","9","date of official opening (P1619)","Q672653","Wikidata date of official opening (P1619) ""1892-01-01T00:00:00Z"" at year precision or finer","1.0.0"
"1461524","built","1864","1864","exact_year","","1864","1864-01-01T00:00:00Z","9","inception (P571)","Q66022887","Wikidata inception (P571) ""1864-01-01T00:00:00Z"" at year precision or finer","1.0.0"
"1461537","built","1889","1889","exact_year","","1889","1889-01-01T00:00:00Z","9","inception (P571)","Q79994254","Wikidata inception (P571) ""1889-01-01T00:00:00Z"" at year precision or finer","1.0.0"
"1464098","built","1921","1921","exact_year","","1921","1921-01-01T00:00:00Z","9","inception (P571)","Q64697661","Wikidata inception (P571) ""1921-01-01T00:00:00Z"" at year precision or finer","1.0.0"
"1464699","built","1924","1924","exact_year","","1924","1924-01-01T00:00:00Z","9","inception (P571)","Q97383177","Wikidata inception (P571) ""1924-01-01T00:00:00Z"" at year precision or finer","1.0.0"
"1467139","built","1951","1951","exact_year","","1951","1951-01-01T00:00:00Z","9","inception (P571)","Q66022688","Wikidata inception (P571) ""1951-01-01T00:00:00Z"" at year precision or finer","1.0.0"
"1467256","built","1927","1927","exact_year","","1927","1927-01-01T00:00:00Z","9","inception (P571)","Q81129061","Wikidata inception (P571) ""1927-01-01T00:00:00Z"" at year precision or finer","1.0.0"
"1467525","built","1925","1925","exact_year","","1925","1925-01-01T00:00:00Z","9","inception (P571)","Q81077127","Wikidata inception (P571) ""1925-01-01T00:00:00Z"" at year precision or finer","1.0.0"
"1467703","built","1924","1924","exact_year","","1924","1924-01-01T00:00:00Z","9","inception (P571)","Q80109576","Wikidata inception (P571) ""1924-01-01T00:00:00Z"" at year precision or finer","1.0.0"
"1468073","built","1963","1963","exact_year","","1963","1963-01-01T00:00:00Z","9","inception (P571)","Q27781244","Wikidata inception (P571) ""1963-01-01T00:00:00Z"" at year precision or finer","1.0.0"
"1480902","built","1855","1855","exact_year","","1855","1855-01-01T00:00:00Z","9","inception (P571)","Q126213268","Wikidata inception (P571) ""1855-01-01T00:00:00Z"" at year precision or finer","1.0.0"
"1480904","built","1860","1860","exact_year","","1860","1860-01-01T00:00:00Z","9","inception (P571)","Q126267019","Wikidata inception (P571) ""1860-01-01T00:00:00Z"" at year precision or finer","1.0.0"
"1481149","built","1881","1881","exact_year","","1881","1881-01-01T00:00:00Z","9","inception (P571)","Q126688876","Wikidata inception (P571) ""1881-01-01T00:00:00Z"" at year precision or finer","1.0.0"
"1485262","built","1701","1800","century","","18th century","1701-01-01T00:00:00Z","7","inception (P571)","Q126688906","Wikidata inception (P571) ""1701-01-01T00:00:00Z"" at century precision; read as the 18th century (1701–1800), not as a year","1.0.0"
"1495450","built","1927","1927","exact_year","","1927","1927-01-01T00:00:00Z","9","inception (P571)","Q140986984","Wikidata inception (P571) ""1927-01-01T00:00:00Z"" at year precision or finer","1.0.0"
